name,account_number,account_name,parent_account,root_type,report_type,account_type,is_group,disabled,company,account_currency,old_parent,creation,modified
1 - 資產 - O,1,資產,,Asset,Balance Sheet,,1,0,OO,TWD,,2026-06-10 17:20:17.289553,2026-06-10 17:20:17.289553
Temporary Accounts - O,,Temporary Accounts,1 - 資產 - O,Asset,Balance Sheet,Temporary,1,0,OO,TWD,1 - 資產 - O,2026-06-10 17:20:17.297937,2026-06-14 18:01:01.168218
Temporary Opening - O,,Temporary Opening,Temporary Accounts - O,Asset,Balance Sheet,Temporary,0,0,OO,TWD,Temporary Accounts - O,2026-06-10 17:20:17.308094,2026-06-14 18:01:01.299833
18 - 其他資產 - O,18,其他資產,1 - 資產 - O,Asset,Balance Sheet,,1,0,OO,TWD,1 - 資產 - O,2026-06-10 17:20:17.318352,2026-06-14 18:01:01.416407
185 - 出租資產 - O,185,出租資產,18 - 其他資產 - O,Asset,Balance Sheet,,1,0,OO,TWD,18 - 其他資產 - O,2026-06-10 17:20:17.326803,2026-06-14 18:01:01.477840
1851 - 出租資產 - O,1851,出租資產,185 - 出租資產 - O,Asset,Balance Sheet,,0,0,OO,TWD,185 - 出租資產 - O,2026-06-10 17:20:17.338552,2026-06-14 18:01:01.524859
1858 - 出租資產 —重估增值 - O,1858,出租資產 —重估增值,185 - 出租資產 - O,Asset,Balance Sheet,,0,0,OO,TWD,185 - 出租資產 - O,2026-06-10 17:20:17.350179,2026-06-14 18:01:01.579681
1859 - 累積折舊 —出租資產 - O,1859,累積折舊 —出租資產,185 - 出租資產 - O,Asset,Balance Sheet,Accumulated Depreciation,0,0,OO,TWD,185 - 出租資產 - O,2026-06-10 17:20:17.359271,2026-06-14 18:01:01.637312
186 - 存出保證金 - O,186,存出保證金,18 - 其他資產 - O,Asset,Balance Sheet,,1,0,OO,TWD,18 - 其他資產 - O,2026-06-10 17:20:17.368062,2026-06-14 18:01:01.683433
1861 - 存出保證金 - O,1861,存出保證金,186 - 存出保證金 - O,Asset,Balance Sheet,,0,0,OO,TWD,186 - 存出保證金 - O,2026-06-10 17:20:17.376482,2026-06-14 18:01:01.733159
181 - 遞延資產 - O,181,遞延資產,18 - 其他資產 - O,Asset,Balance Sheet,,1,0,OO,TWD,18 - 其他資產 - O,2026-06-10 17:20:17.388302,2026-06-14 18:01:01.804670
1811 - 債券發行成本 - O,1811,債券發行成本,181 - 遞延資產 - O,Asset,Balance Sheet,,0,0,OO,TWD,181 - 遞延資產 - O,2026-06-10 17:20:17.397081,2026-06-14 18:01:01.895391
1818 - 其他遞延資產 - O,1818,其他遞延資產,181 - 遞延資產 - O,Asset,Balance Sheet,,0,0,OO,TWD,181 - 遞延資產 - O,2026-06-10 17:20:17.408840,2026-06-14 18:01:02.018275
1814 - 遞延所得稅資產 - O,1814,遞延所得稅資產,181 - 遞延資產 - O,Asset,Balance Sheet,,0,0,OO,TWD,181 - 遞延資產 - O,2026-06-10 17:20:17.417417,2026-06-14 18:01:02.154715
1813 - 長期預付保險費 - O,1813,長期預付保險費,181 - 遞延資產 - O,Asset,Balance Sheet,,0,0,OO,TWD,181 - 遞延資產 - O,2026-06-10 17:20:17.426342,2026-06-14 18:01:02.289370
1812 - 長期預付租金 - O,1812,長期預付租金,181 - 遞延資產 - O,Asset,Balance Sheet,,0,0,OO,TWD,181 - 遞延資產 - O,2026-06-10 17:20:17.434765,2026-06-14 18:01:02.425097
1815 - 預付退休金 - O,1815,預付退休金,181 - 遞延資產 - O,Asset,Balance Sheet,,0,0,OO,TWD,181 - 遞延資產 - O,2026-06-10 17:20:17.443552,2026-06-14 18:01:02.537126
184 - 長期應收票據及款項與催收帳款 - O,184,長期應收票據及款項與催收帳款,18 - 其他資產 - O,Asset,Balance Sheet,Receivable,1,0,OO,TWD,18 - 其他資產 - O,2026-06-10 17:20:17.451956,2026-06-14 18:01:02.602867
1849 - 備抵呆帳—長期應收票據及款項與催收帳款 - O,1849,備抵呆帳—長期應收票據及款項與催收帳款,184 - 長期應收票據及款項與催收帳款 - O,Asset,Balance Sheet,Receivable,0,0,OO,TWD,184 - 長期應收票據及款項與催收帳款 - O,2026-06-10 17:20:17.460777,2026-06-14 18:01:02.659479
1843 - 催收帳款 - O,1843,催收帳款,184 - 長期應收票據及款項與催收帳款 - O,Asset,Balance Sheet,Receivable,0,0,OO,TWD,184 - 長期應收票據及款項與催收帳款 - O,2026-06-10 17:20:17.472598,2026-06-14 18:01:02.709284
1848 - 其他長期應收款項 - O,1848,其他長期應收款項,184 - 長期應收票據及款項與催收帳款 - O,Asset,Balance Sheet,Receivable,0,0,OO,TWD,184 - 長期應收票據及款項與催收帳款 - O,2026-06-10 17:20:17.481452,2026-06-14 18:01:02.773551
1842 - 長期應收帳款 - O,1842,長期應收帳款,184 - 長期應收票據及款項與催收帳款 - O,Asset,Balance Sheet,Receivable,0,0,OO,TWD,184 - 長期應收票據及款項與催收帳款 - O,2026-06-10 17:20:17.489804,2026-06-14 18:01:02.853617
1841 - 長期應收票據 - O,1841,長期應收票據,184 - 長期應收票據及款項與催收帳款 - O,Asset,Balance Sheet,Receivable,0,0,OO,TWD,184 - 長期應收票據及款項與催收帳款 - O,2026-06-10 17:20:17.498472,2026-06-14 18:01:02.966672
182 - 閒置資產 - O,182,閒置資產,18 - 其他資產 - O,Asset,Balance Sheet,,1,0,OO,TWD,18 - 其他資產 - O,2026-06-10 17:20:17.508549,2026-06-14 18:01:03.102631
1821 - 閒置資產 - O,1821,閒置資產,182 - 閒置資產 - O,Asset,Balance Sheet,,0,0,OO,TWD,182 - 閒置資產 - O,2026-06-10 17:20:17.517564,2026-06-14 18:01:03.237281
188 - 雜項資產 - O,188,雜項資產,18 - 其他資產 - O,Asset,Balance Sheet,,1,0,OO,TWD,18 - 其他資產 - O,2026-06-10 17:20:17.529808,2026-06-14 18:01:03.368082
1881 - 受限制存款 - O,1881,受限制存款,188 - 雜項資產 - O,Asset,Balance Sheet,,0,0,OO,TWD,188 - 雜項資產 - O,2026-06-10 17:20:17.538784,2026-06-14 18:01:03.507926
1888 - 雜項資產 —其他 - O,1888,雜項資產 —其他,188 - 雜項資產 - O,Asset,Balance Sheet,,0,0,OO,TWD,188 - 雜項資產 - O,2026-06-10 17:20:17.550815,2026-06-14 18:01:03.636762
14~15 - 固定資產 - O,14~15,固定資產,1 - 資產 - O,Asset,Balance Sheet,Fixed Asset,1,0,OO,TWD,1 - 資產 - O,2026-06-10 17:20:17.559481,2026-06-14 18:01:03.710425
141 - 土地 - O,141,土地,14~15 - 固定資產 - O,Asset,Balance Sheet,Fixed Asset,1,0,OO,TWD,14~15 - 固定資產 - O,2026-06-10 17:20:17.568694,2026-06-14 18:01:03.772403
1411 - 土地 - O,1411,土地,141 - 土地 - O,Asset,Balance Sheet,Fixed Asset,0,0,OO,TWD,141 - 土地 - O,2026-06-10 17:20:17.582451,2026-06-14 18:01:03.816323
142 - 土地改良物 - O,142,土地改良物,14~15 - 固定資產 - O,Asset,Balance Sheet,Fixed Asset,1,0,OO,TWD,14~15 - 固定資產 - O,2026-06-10 17:20:17.595947,2026-06-14 18:01:03.862242
1421 - 土地改良物 - O,1421,土地改良物,142 - 土地改良物 - O,Asset,Balance Sheet,Fixed Asset,0,0,OO,TWD,142 - 土地改良物 - O,2026-06-10 17:20:17.606208,2026-06-14 18:01:03.923052
143 - 房屋及建物 - O,143,房屋及建物,14~15 - 固定資產 - O,Asset,Balance Sheet,Fixed Asset,1,0,OO,TWD,14~15 - 固定資產 - O,2026-06-10 17:20:17.619338,2026-06-14 18:01:04.003093
1431 - 房屋及建物 - O,1431,房屋及建物,143 - 房屋及建物 - O,Asset,Balance Sheet,Fixed Asset,0,0,OO,TWD,143 - 房屋及建物 - O,2026-06-10 17:20:17.627991,2026-06-14 18:01:04.110346
156 - 未完工程及預付購置設備款 - O,156,未完工程及預付購置設備款,14~15 - 固定資產 - O,Asset,Balance Sheet,Fixed Asset,1,0,OO,TWD,14~15 - 固定資產 - O,2026-06-10 17:20:17.639889,2026-06-14 18:01:04.244131
1561 - 未完工程 - O,1561,未完工程,156 - 未完工程及預付購置設備款 - O,Asset,Balance Sheet,Fixed Asset,0,0,OO,TWD,156 - 未完工程及預付購置設備款 - O,2026-06-10 17:20:17.648565,2026-06-14 18:01:04.390645
144~146 - 機(器)具及設備 - O,144~146,機(器)具及設備,14~15 - 固定資產 - O,Asset,Balance Sheet,Fixed Asset,1,0,OO,TWD,14~15 - 固定資產 - O,2026-06-10 17:20:17.661630,2026-06-14 18:01:04.518128
1441 - 機(器)具 - O,1441,機(器)具,144~146 - 機(器)具及設備 - O,Asset,Balance Sheet,Fixed Asset,0,0,OO,TWD,144~146 - 機(器)具及設備 - O,2026-06-10 17:20:17.670462,2026-06-14 18:01:04.615379
152 - 租賃權益改良 - O,152,租賃權益改良,14~15 - 固定資產 - O,Asset,Balance Sheet,Fixed Asset,1,0,OO,TWD,14~15 - 固定資產 - O,2026-06-10 17:20:17.682446,2026-06-14 18:01:04.672746
1521 - 租賃權益改良 - O,1521,租賃權益改良,152 - 租賃權益改良 - O,Asset,Balance Sheet,Fixed Asset,0,0,OO,TWD,152 - 租賃權益改良 - O,2026-06-10 17:20:17.691213,2026-06-14 18:01:04.721768
151 - 租賃資產 - O,151,租賃資產,14~15 - 固定資產 - O,Asset,Balance Sheet,Fixed Asset,1,0,OO,TWD,14~15 - 固定資產 - O,2026-06-10 17:20:17.702989,2026-06-14 18:01:04.775403
1511 - 租賃資產 - O,1511,租賃資產,151 - 租賃資產 - O,Asset,Balance Sheet,Fixed Asset,0,0,OO,TWD,151 - 租賃資產 - O,2026-06-10 17:20:17.711763,2026-06-14 18:01:04.820631
158 - 雜項固定資產 - O,158,雜項固定資產,14~15 - 固定資產 - O,Asset,Balance Sheet,Fixed Asset,1,0,OO,TWD,14~15 - 固定資產 - O,2026-06-10 17:20:17.723586,2026-06-14 18:01:04.866282
1581 - 雜項固定資產 - O,1581,雜項固定資產,158 - 雜項固定資產 - O,Asset,Balance Sheet,Fixed Asset,0,0,OO,TWD,158 - 雜項固定資產 - O,2026-06-10 17:20:17.732337,2026-06-14 18:01:04.917719
13 - 基金及長期投資 - O,13,基金及長期投資,1 - 資產 - O,Asset,Balance Sheet,,1,0,OO,TWD,1 - 資產 - O,2026-06-10 17:20:17.744168,2026-06-14 18:01:04.989149
131 - 基金 - O,131,基金,13 - 基金及長期投資 - O,Asset,Balance Sheet,,1,0,OO,TWD,13 - 基金及長期投資 - O,2026-06-10 17:20:17.753098,2026-06-14 18:01:05.083823
1311 - 償債基金 - O,1311,償債基金,131 - 基金 - O,Asset,Balance Sheet,,0,0,OO,TWD,131 - 基金 - O,2026-06-10 17:20:17.765497,2026-06-14 18:01:05.205642
1318 - 其他基金 - O,1318,其他基金,131 - 基金 - O,Asset,Balance Sheet,,0,0,OO,TWD,131 - 基金 - O,2026-06-10 17:20:17.777678,2026-06-14 18:01:05.341212
1313 - 意外損失準備基金 - O,1313,意外損失準備基金,131 - 基金 - O,Asset,Balance Sheet,,0,0,OO,TWD,131 - 基金 - O,2026-06-10 17:20:17.786550,2026-06-14 18:01:05.477945
1314 - 退休基金 - O,1314,退休基金,131 - 基金 - O,Asset,Balance Sheet,,0,0,OO,TWD,131 - 基金 - O,2026-06-10 17:20:17.795755,2026-06-14 18:01:05.585269
132 - 長期投資 - O,132,長期投資,13 - 基金及長期投資 - O,Asset,Balance Sheet,,1,0,OO,TWD,13 - 基金及長期投資 - O,2026-06-10 17:20:17.804595,2026-06-14 18:01:05.635930
1328 - 其他長期投資 - O,1328,其他長期投資,132 - 長期投資 - O,Asset,Balance Sheet,,0,0,OO,TWD,132 - 長期投資 - O,2026-06-10 17:20:17.813514,2026-06-14 18:01:05.683423
1323 - 長期不動產投資 - O,1323,長期不動產投資,132 - 長期投資 - O,Asset,Balance Sheet,,0,0,OO,TWD,132 - 長期投資 - O,2026-06-10 17:20:17.825850,2026-06-14 18:01:05.729720
1322 - 長期債券投資 - O,1322,長期債券投資,132 - 長期投資 - O,Asset,Balance Sheet,,0,0,OO,TWD,132 - 長期投資 - O,2026-06-10 17:20:17.834788,2026-06-14 18:01:05.794702
1321 - 長期股權投資 - O,1321,長期股權投資,132 - 長期投資 - O,Asset,Balance Sheet,,0,0,OO,TWD,132 - 長期投資 - O,2026-06-10 17:20:17.843709,2026-06-14 18:01:05.869267
11~12 - 流動資產 - O,11~12,流動資產,1 - 資產 - O,Asset,Balance Sheet,,1,0,OO,TWD,1 - 資產 - O,2026-06-10 17:20:17.852336,2026-06-14 18:01:05.915625
118 - 其他應收款 - O,118,其他應收款,11~12 - 流動資產 - O,Asset,Balance Sheet,Receivable,1,0,OO,TWD,11~12 - 流動資產 - O,2026-06-10 17:20:17.860838,2026-06-14 18:01:05.972265
1189 - 備抵呆帳 — 其他應收款 - O,1189,備抵呆帳 — 其他應收款 ,118 - 其他應收款 - O,Asset,Balance Sheet,Receivable,0,0,OO,TWD,118 - 其他應收款 - O,2026-06-10 17:20:17.874949,2026-06-14 18:01:06.033660
1184 - 應收收益 - O,1184,應收收益,118 - 其他應收款 - O,Asset,Balance Sheet,Receivable,0,0,OO,TWD,118 - 其他應收款 - O,2026-06-10 17:20:17.886583,2026-06-14 18:01:06.118529
1185 - 應收退稅款 - O,1185,應收退稅款,118 - 其他應收款 - O,Asset,Balance Sheet,Receivable,0,0,OO,TWD,118 - 其他應收款 - O,2026-06-10 17:20:17.895475,2026-06-14 18:01:06.241599
128~129 - 其他流動資產 - O,128~129,其他流動資產,11~12 - 流動資產 - O,Asset,Balance Sheet,,1,0,OO,TWD,11~12 - 流動資產 - O,2026-06-10 17:20:17.905405,2026-06-14 18:01:06.377060
1284 - 代付款 - O,1284,代付款,128~129 - 其他流動資產 - O,Asset,Balance Sheet,,0,0,OO,TWD,128~129 - 其他流動資產 - O,2026-06-10 17:20:17.915548,2026-06-14 18:01:06.517763
1285 - 員工借支 - O,1285,員工借支,128~129 - 其他流動資產 - O,Asset,Balance Sheet,,0,0,OO,TWD,128~129 - 其他流動資產 - O,2026-06-10 17:20:17.928383,2026-06-14 18:01:06.633816
1283 - 暫付款 - O,1283,暫付款,128~129 - 其他流動資產 - O,Asset,Balance Sheet,,0,0,OO,TWD,128~129 - 其他流動資產 - O,2026-06-10 17:20:17.937007,2026-06-14 18:01:06.694746
1282 - 留抵稅額 - O,1282,留抵稅額,128~129 - 其他流動資產 - O,Asset,Balance Sheet,,0,0,OO,TWD,128~129 - 其他流動資產 - O,2026-06-10 17:20:17.945654,2026-06-14 18:01:06.746138
1281 - 進項稅額 - O,1281,進項稅額,128~129 - 其他流動資產 - O,Asset,Balance Sheet,,0,0,OO,TWD,128~129 - 其他流動資產 - O,2026-06-10 17:20:17.954389,2026-06-14 18:01:06.791843
121~122 - 存貨 - O,121~122,存貨,11~12 - 流動資產 - O,Asset,Balance Sheet,Stock,1,0,OO,TWD,11~12 - 流動資產 - O,2026-06-10 17:20:17.966375,2026-06-14 18:01:06.842759
1211 - 中古車庫存 - O,1211,中古車庫存,121~122 - 存貨 - O,Asset,Balance Sheet,Stock,0,0,OO,TWD,121~122 - 存貨 - O,2026-06-11 21:56:39.756527,2026-06-14 18:01:10.919239
1229 - 備抵存貨跌價損失 - O,1229,備抵存貨跌價損失,121~122 - 存貨 - O,Asset,Balance Sheet,,0,0,OO,TWD,121~122 - 存貨 - O,2026-06-10 17:20:17.974068,2026-06-14 18:01:06.906077
114 - 應收帳款 - O,114,應收帳款,11~12 - 流動資產 - O,Asset,Balance Sheet,Receivable,1,0,OO,TWD,11~12 - 流動資產 - O,2026-06-10 17:20:17.984338,2026-06-14 18:01:06.980355
1149 - 備抵呆帳 －應收帳款 - O,1149,備抵呆帳 －應收帳款 ,114 - 應收帳款 - O,Asset,Balance Sheet,Receivable,0,0,OO,TWD,114 - 應收帳款 - O,2026-06-10 17:20:17.992189,2026-06-14 18:01:07.046406
1142 - 應收分期帳款 - O,1142,應收分期帳款 ,114 - 應收帳款 - O,Asset,Balance Sheet,Receivable,0,0,OO,TWD,114 - 應收帳款 - O,2026-06-10 17:20:18.004129,2026-06-14 18:01:07.102899
1141 - 應收帳款 - O,1141,應收帳款 ,114 - 應收帳款 - O,Asset,Balance Sheet,Receivable,0,0,OO,TWD,114 - 應收帳款 - O,2026-06-10 17:20:18.013255,2026-06-14 18:01:07.150731
113 - 應收票據 - O,113,應收票據,11~12 - 流動資產 - O,Asset,Balance Sheet,Receivable,1,0,OO,TWD,11~12 - 流動資產 - O,2026-06-10 17:20:18.022502,2026-06-14 18:01:07.203777
1139 - 備抵呆帳 －應收票據 - O,1139,備抵呆帳 －應收票據 ,113 - 應收票據 - O,Asset,Balance Sheet,Receivable,0,0,OO,TWD,113 - 應收票據 - O,2026-06-10 17:20:18.031269,2026-06-14 18:01:07.276784
1138 - 其他應收票據 - O,1138,其他應收票據 ,113 - 應收票據 - O,Asset,Balance Sheet,Receivable,0,0,OO,TWD,113 - 應收票據 - O,2026-06-10 17:20:18.042207,2026-06-14 18:01:07.373390
1131 - 應收票據 - O,1131,應收票據,113 - 應收票據 - O,Asset,Balance Sheet,Receivable,0,0,OO,TWD,113 - 應收票據 - O,2026-06-10 17:20:18.050182,2026-06-14 18:01:07.500549
1132 - 應收票據貼現 - O,1132,應收票據貼現 ,113 - 應收票據 - O,Asset,Balance Sheet,Receivable,0,0,OO,TWD,113 - 應收票據 - O,2026-06-10 17:20:18.058140,2026-06-14 18:01:07.626436
111 - 現金及約當現金 - O,111,現金及約當現金,11~12 - 流動資產 - O,Asset,Balance Sheet,Cash,1,0,OO,TWD,11~12 - 流動資產 - O,2026-06-10 17:20:18.066335,2026-06-14 18:01:07.703750
1118 - 其他現金及約當現金 - O,1118,其他現金及約當現金,111 - 現金及約當現金 - O,Asset,Balance Sheet,Cash,0,0,OO,TWD,111 - 現金及約當現金 - O,2026-06-10 17:20:18.074172,2026-06-14 18:01:07.754882
1116 - 在途現金 - O,1116,在途現金,111 - 現金及約當現金 - O,Asset,Balance Sheet,Cash,0,0,OO,TWD,111 - 現金及約當現金 - O,2026-06-10 17:20:18.086101,2026-06-14 18:01:07.807618
1111 - 庫存現金 - O,1111,庫存現金,111 - 現金及約當現金 - O,Asset,Balance Sheet,Cash,0,0,OO,TWD,111 - 現金及約當現金 - O,2026-06-10 17:20:18.095187,2026-06-14 18:01:07.879279
1117 - 約當現金 - O,1117,約當現金,111 - 現金及約當現金 - O,Asset,Balance Sheet,Cash,0,0,OO,TWD,111 - 現金及約當現金 - O,2026-06-10 17:20:18.103870,2026-06-14 18:01:07.974784
1113 - 銀行存款 - O,1113,銀行存款,111 - 現金及約當現金 - O,Asset,Balance Sheet,Bank,1,0,OO,TWD,111 - 現金及約當現金 - O,2026-06-10 17:20:18.112182,2026-06-14 18:01:08.096639
中國信託 - O,,中國信託,1113 - 銀行存款 - O,Asset,Balance Sheet,Bank,0,0,OO,TWD,1113 - 銀行存款 - O,2026-06-10 17:20:18.120346,2026-06-14 18:01:08.145475
台北富邦 - O,,台北富邦,1113 - 銀行存款 - O,Asset,Balance Sheet,Bank,0,0,OO,TWD,1113 - 銀行存款 - O,2026-06-10 17:20:18.129771,2026-06-14 18:01:08.200812
1112 - 零用金/週轉金 - O,1112,零用金/週轉金,111 - 現金及約當現金 - O,Asset,Balance Sheet,Cash,0,0,OO,TWD,111 - 現金及約當現金 - O,2026-06-10 17:20:18.136292,2026-06-14 18:01:08.247334
112 - 短期投資 - O,112,短期投資,11~12 - 流動資產 - O,Asset,Balance Sheet,,1,0,OO,TWD,11~12 - 流動資產 - O,2026-06-10 17:20:18.144278,2026-06-14 18:01:08.313596
1121 - 短期投資 —股票 - O,1121,短期投資 —股票,112 - 短期投資 - O,Asset,Balance Sheet,,0,0,OO,TWD,112 - 短期投資 - O,2026-06-10 17:20:18.152185,2026-06-14 18:01:08.411404
126 - 預付款項 - O,126,預付款項,11~12 - 流動資產 - O,Asset,Balance Sheet,,1,0,OO,TWD,11~12 - 流動資產 - O,2026-06-10 17:20:18.162941,2026-06-14 18:01:08.538295
1268 - 其他預付款項 - O,1268,其他預付款項,126 - 預付款項 - O,Asset,Balance Sheet,,0,0,OO,TWD,126 - 預付款項 - O,2026-06-10 17:20:18.171488,2026-06-14 18:01:08.646573
1261 - 預付貨款 - O,1261,預付貨款,126 - 預付款項 - O,Asset,Balance Sheet,,0,0,OO,TWD,126 - 預付款項 - O,2026-06-10 17:20:18.182334,2026-06-14 18:01:08.714535
125 - 預付費用 - O,125,預付費用,11~12 - 流動資產 - O,Asset,Balance Sheet,,1,0,OO,TWD,11~12 - 流動資產 - O,2026-06-10 17:20:18.190364,2026-06-14 18:01:08.764833
1258 - 其他預付費用 - O,1258,其他預付費用,125 - 預付費用 - O,Asset,Balance Sheet,,0,0,OO,TWD,125 - 預付費用 - O,2026-06-10 17:20:18.198510,2026-06-14 18:01:08.843314
1254 - 用品盤存 - O,1254,用品盤存,125 - 預付費用 - O,Asset,Balance Sheet,,0,0,OO,TWD,125 - 預付費用 - O,2026-06-10 17:20:18.210532,2026-06-14 18:01:08.948643
1253 - 預付保險費 - O,1253,預付保險費,125 - 預付費用 - O,Asset,Balance Sheet,,0,0,OO,TWD,125 - 預付費用 - O,2026-06-10 17:20:18.219618,2026-06-14 18:01:09.085887
1255 - 預付所得稅 - O,1255,預付所得稅,125 - 預付費用 - O,Asset,Balance Sheet,,0,0,OO,TWD,125 - 預付費用 - O,2026-06-10 17:20:18.228643,2026-06-14 18:01:09.213279
1252 - 預付租金 - O,1252,預付租金,125 - 預付費用 - O,Asset,Balance Sheet,,0,0,OO,TWD,125 - 預付費用 - O,2026-06-10 17:20:18.237755,2026-06-14 18:01:09.274293
1251 - 預付薪資 - O,1251,預付薪資,125 - 預付費用 - O,Asset,Balance Sheet,,0,0,OO,TWD,125 - 預付費用 - O,2026-06-10 17:20:18.250305,2026-06-14 18:01:09.329488
17 - 無形資產 - O,17,無形資產,1 - 資產 - O,Asset,Balance Sheet,,1,0,OO,TWD,1 - 資產 - O,2026-06-10 17:20:18.259184,2026-06-14 18:01:09.385502
178 - 其他無形資產 - O,178,其他無形資產,17 - 無形資產 - O,Asset,Balance Sheet,,1,0,OO,TWD,17 - 無形資產 - O,2026-06-10 17:20:18.267844,2026-06-14 18:01:09.454167
1781 - 遞延退休金成本 - O,1781,遞延退休金成本,178 - 其他無形資產 - O,Asset,Balance Sheet,,0,0,OO,TWD,178 - 其他無形資產 - O,2026-06-10 17:20:18.279998,2026-06-14 18:01:09.530085
171 - 商標權 - O,171,商標權,17 - 無形資產 - O,Asset,Balance Sheet,,1,0,OO,TWD,17 - 無形資產 - O,2026-06-10 17:20:18.292047,2026-06-14 18:01:09.599357
1711 - 商標權 - O,1711,商標權,171 - 商標權 - O,Asset,Balance Sheet,,0,0,OO,TWD,171 - 商標權 - O,2026-06-10 17:20:18.301090,2026-06-14 18:01:09.646095
176 - 商譽 - O,176,商譽,17 - 無形資產 - O,Asset,Balance Sheet,,1,0,OO,TWD,17 - 無形資產 - O,2026-06-10 17:20:18.312832,2026-06-14 18:01:09.692752
1761 - 商譽 - O,1761,商譽,176 - 商譽 - O,Asset,Balance Sheet,,0,0,OO,TWD,176 - 商譽 - O,2026-06-10 17:20:18.323262,2026-06-14 18:01:09.741001
172 - 專利權 - O,172,專利權,17 - 無形資產 - O,Asset,Balance Sheet,,1,0,OO,TWD,17 - 無形資產 - O,2026-06-10 17:20:18.333675,2026-06-14 18:01:09.810774
1721 - 專利權 - O,1721,專利權,172 - 專利權 - O,Asset,Balance Sheet,,0,0,OO,TWD,172 - 專利權 - O,2026-06-10 17:20:18.341430,2026-06-14 18:01:09.902983
177 - 開辦費 - O,177,開辦費,17 - 無形資產 - O,Asset,Balance Sheet,,1,0,OO,TWD,17 - 無形資產 - O,2026-06-10 17:20:18.353284,2026-06-14 18:01:10.022634
1771 - 開辦費 - O,1771,開辦費,177 - 開辦費 - O,Asset,Balance Sheet,,0,0,OO,TWD,177 - 開辦費 - O,2026-06-10 17:20:18.364362,2026-06-14 18:01:10.158195
16 - 遞耗資產 - O,16,遞耗資產,1 - 資產 - O,Asset,Balance Sheet,,1,0,OO,TWD,1 - 資產 - O,2026-06-10 17:20:18.375121,2026-06-14 18:01:10.294609
161 - 遞耗資產 - O,161,遞耗資產,16 - 遞耗資產 - O,Asset,Balance Sheet,,1,0,OO,TWD,16 - 遞耗資產 - O,2026-06-10 17:20:18.382858,2026-06-14 18:01:10.377010
2 - 負債 - O,2,負債,,Liability,Balance Sheet,,1,0,OO,TWD,,2026-06-10 17:20:16.672044,2026-06-10 17:20:16.672044
Stock Received But Not Billed - O,,Stock Received But Not Billed,2 - 負債 - O,Liability,Balance Sheet,Stock Received But Not Billed,0,0,OO,TWD,2 - 負債 - O,2026-06-10 17:20:16.680577,2026-06-14 18:00:56.038314
28 - 其他負債 - O,28,其他負債,2 - 負債 - O,Liability,Balance Sheet,,1,0,OO,TWD,2 - 負債 - O,2026-06-10 17:20:16.690995,2026-06-14 18:00:56.089403
286 - 存入保證金 - O,286,存入保證金,28 - 其他負債 - O,Liability,Balance Sheet,,1,0,OO,TWD,28 - 其他負債 - O,2026-06-10 17:20:16.699740,2026-06-14 18:00:56.153898
2861 - 存入保證金 - O,2861,存入保證金,286 - 存入保證金 - O,Liability,Balance Sheet,,0,0,OO,TWD,286 - 存入保證金 - O,2026-06-10 17:20:16.711583,2026-06-14 18:00:56.241099
281 - 遞延負債 - O,281,遞延負債,28 - 其他負債 - O,Liability,Balance Sheet,,1,0,OO,TWD,28 - 其他負債 - O,2026-06-10 17:20:16.723706,2026-06-14 18:00:56.360346
2818 - 其他遞延負債 - O,2818,其他遞延負債,281 - 遞延負債 - O,Liability,Balance Sheet,,0,0,OO,TWD,281 - 遞延負債 - O,2026-06-10 17:20:16.732477,2026-06-14 18:00:56.497971
2814 - 遞延所得稅負債 - O,2814,遞延所得稅負債,281 - 遞延負債 - O,Liability,Balance Sheet,,0,0,OO,TWD,281 - 遞延負債 - O,2026-06-10 17:20:16.744602,2026-06-14 18:00:56.628886
2811 - 遞延收入 - O,2811,遞延收入,281 - 遞延負債 - O,Liability,Balance Sheet,,0,0,OO,TWD,281 - 遞延負債 - O,2026-06-10 17:20:16.753609,2026-06-14 18:00:56.682084
288 - 雜項負債 - O,288,雜項負債,28 - 其他負債 - O,Liability,Balance Sheet,,1,0,OO,TWD,28 - 其他負債 - O,2026-06-10 17:20:16.762174,2026-06-14 18:00:56.744339
2888 - 雜項負債 —其他 - O,2888,雜項負債 —其他,288 - 雜項負債 - O,Liability,Balance Sheet,,0,0,OO,TWD,288 - 雜項負債 - O,2026-06-10 17:20:16.770739,2026-06-14 18:00:56.820098
21~22 - 流動負債 - O,21~22,流動負債,2 - 負債 - O,Liability,Balance Sheet,,1,0,OO,TWD,2 - 負債 - O,2026-06-10 17:20:16.781778,2026-06-14 18:00:56.925287
227 - 一年或一營業週期內到期長期負債 - O,227,一年或一營業週期內到期長期負債,21~22 - 流動負債 - O,Liability,Balance Sheet,,1,0,OO,TWD,21~22 - 流動負債 - O,2026-06-10 17:20:16.789529,2026-06-14 18:00:56.999490
218~219 - 其他應付款 - O,218~219,其他應付款,21~22 - 流動負債 - O,Liability,Balance Sheet,,1,0,OO,TWD,21~22 - 流動負債 - O,2026-06-10 17:20:16.800517,2026-06-14 18:00:57.041908
2184 - 應付土地房屋款 - O,2184,應付土地房屋款,218~219 - 其他應付款 - O,Liability,Balance Sheet,,0,0,OO,TWD,218~219 - 其他應付款 - O,2026-06-10 17:20:16.809163,2026-06-14 18:00:57.091719
2192 - 應付股利 - O,2192,應付股利,218~219 - 其他應付款 - O,Liability,Balance Sheet,,0,0,OO,TWD,218~219 - 其他應付款 - O,2026-06-10 17:20:16.820099,2026-06-14 18:00:57.153868
2185 - 應付設備款 - O,2185,應付設備款,218~219 - 其他應付款 - O,Liability,Balance Sheet,,0,0,OO,TWD,218~219 - 其他應付款 - O,2026-06-10 17:20:16.827824,2026-06-14 18:00:57.223781
228~229 - 其他流動負債 - O,228~229,其他流動負債,21~22 - 流動負債 - O,Liability,Balance Sheet,,1,0,OO,TWD,21~22 - 流動負債 - O,2026-06-10 17:20:16.835333,2026-06-14 18:00:57.319715
2284 - 代收款 - O,2284,代收款,228~229 - 其他流動負債 - O,Liability,Balance Sheet,,0,0,OO,TWD,228~229 - 其他流動負債 - O,2026-06-10 17:20:16.842897,2026-06-14 18:00:57.448899
2285 - 估計售後服務/保固負債 - O,2285,估計售後服務/保固負債,228~229 - 其他流動負債 - O,Liability,Balance Sheet,,0,0,OO,TWD,228~229 - 其他流動負債 - O,2026-06-10 17:20:16.853282,2026-06-14 18:00:57.577397
2283 - 暫收款 - O,2283,暫收款 ,228~229 - 其他流動負債 - O,Liability,Balance Sheet,,0,0,OO,TWD,228~229 - 其他流動負債 - O,2026-06-10 17:20:16.861170,2026-06-14 18:00:57.668250
2292 - 遞延兌換利益 - O,2292,遞延兌換利益,228~229 - 其他流動負債 - O,Liability,Balance Sheet,,0,0,OO,TWD,228~229 - 其他流動負債 - O,2026-06-10 17:20:16.868801,2026-06-14 18:00:57.718677
2291 - 遞延所得稅負債 - O,2291,遞延所得稅負債,228~229 - 其他流動負債 - O,Liability,Balance Sheet,,0,0,OO,TWD,228~229 - 其他流動負債 - O,2026-06-10 17:20:16.876421,2026-06-14 18:00:57.778195
2281 - 銷項稅額 - O,2281,銷項稅額,228~229 - 其他流動負債 - O,Liability,Balance Sheet,,0,0,OO,TWD,228~229 - 其他流動負債 - O,2026-06-10 17:20:16.884266,2026-06-14 18:00:57.858201
214 - 應付帳款 - O,214,應付帳款,21~22 - 流動負債 - O,Liability,Balance Sheet,Payable,1,0,OO,TWD,21~22 - 流動負債 - O,2026-06-10 17:20:16.891889,2026-06-14 18:00:57.964896
2141 - 應付帳款 - O,2141,應付帳款,214 - 應付帳款 - O,Liability,Balance Sheet,Payable,0,0,OO,TWD,214 - 應付帳款 - O,2026-06-10 17:20:16.899888,2026-06-14 18:00:58.084162
216 - 應付所得稅 - O,216,應付所得稅,21~22 - 流動負債 - O,Liability,Balance Sheet,Tax,1,0,OO,TWD,21~22 - 流動負債 - O,2026-06-10 17:20:16.910532,2026-06-14 18:00:58.141683
VAT - O,,VAT,216 - 應付所得稅 - O,Liability,Balance Sheet,Tax,0,0,OO,TWD,216 - 應付所得稅 - O,2026-06-10 17:20:19.760194,2026-06-14 18:01:10.892001
2161 - 應付所得稅 - O,2161,應付所得稅,216 - 應付所得稅 - O,Liability,Balance Sheet,Tax,0,0,OO,TWD,216 - 應付所得稅 - O,2026-06-10 17:20:16.918253,2026-06-14 18:00:58.186615
212 - 應付短期票券 - O,212,應付短期票券,21~22 - 流動負債 - O,Liability,Balance Sheet,Payable,1,0,OO,TWD,21~22 - 流動負債 - O,2026-06-10 17:20:16.929047,2026-06-14 18:00:58.232507
2121 - 應付商業本票 - O,2121,應付商業本票,212 - 應付短期票券 - O,Liability,Balance Sheet,Payable,0,0,OO,TWD,212 - 應付短期票券 - O,2026-06-10 17:20:16.936703,2026-06-14 18:00:58.291432
2122 - 銀行承兌匯票 - O,2122,銀行承兌匯票,212 - 應付短期票券 - O,Liability,Balance Sheet,Payable,0,0,OO,TWD,212 - 應付短期票券 - O,2026-06-10 17:20:16.947090,2026-06-14 18:00:58.374969
213 - 應付票據 - O,213,應付票據,21~22 - 流動負債 - O,Liability,Balance Sheet,Payable,1,0,OO,TWD,21~22 - 流動負債 - O,2026-06-10 17:20:16.955116,2026-06-14 18:00:58.488128
2131 - 應付票據 - O,2131,應付票據,213 - 應付票據 - O,Liability,Balance Sheet,Payable,0,0,OO,TWD,213 - 應付票據 - O,2026-06-10 17:20:16.962811,2026-06-14 18:00:58.621424
217 - 應付費用 - O,217,應付費用,21~22 - 流動負債 - O,Liability,Balance Sheet,,1,0,OO,TWD,21~22 - 流動負債 - O,2026-06-10 17:20:16.973357,2026-06-14 18:00:58.691621
2178 - 其他應付費用 - O,2178,其他應付費用,217 - 應付費用 - O,Liability,Balance Sheet,,0,0,OO,TWD,217 - 應付費用 - O,2026-06-10 17:20:16.981188,2026-06-14 18:00:58.738066
2173 - 應付利息 - O,2173,應付利息,217 - 應付費用 - O,Liability,Balance Sheet,,0,0,OO,TWD,217 - 應付費用 - O,2026-06-10 17:20:16.991817,2026-06-14 18:00:58.791014
2174 - 應付營業稅 - O,2174,應付營業稅,217 - 應付費用 - O,Liability,Balance Sheet,,0,0,OO,TWD,217 - 應付費用 - O,2026-06-10 17:20:16.999704,2026-06-14 18:00:58.848479
2172 - 應付租金 - O,2172,應付租金,217 - 應付費用 - O,Liability,Balance Sheet,,0,0,OO,TWD,217 - 應付費用 - O,2026-06-10 17:20:17.007762,2026-06-14 18:00:58.925301
2175 - 應付稅捐 —其他 - O,2175,應付稅捐 —其他,217 - 應付費用 - O,Liability,Balance Sheet,Tax,0,0,OO,TWD,217 - 應付費用 - O,2026-06-10 17:20:17.015623,2026-06-14 18:00:59.030869
2171 - 應付薪工 - O,2171,應付薪工,217 - 應付費用 - O,Liability,Balance Sheet,,0,0,OO,TWD,217 - 應付費用 - O,2026-06-10 17:20:17.023344,2026-06-14 18:00:59.160816
211 - 短期借款 - O,211,短期借款,21~22 - 流動負債 - O,Liability,Balance Sheet,,1,0,OO,TWD,21~22 - 流動負債 - O,2026-06-10 17:20:17.031088,2026-06-14 18:00:59.226333
2112 - 銀行借款 - O,2112,銀行借款,211 - 短期借款 - O,Liability,Balance Sheet,,0,0,OO,TWD,211 - 短期借款 - O,2026-06-10 17:20:17.038780,2026-06-14 18:00:59.279810
2111 - 銀行透支 - O,2111,銀行透支,211 - 短期借款 - O,Liability,Balance Sheet,,0,0,OO,TWD,211 - 短期借款 - O,2026-06-10 17:20:17.054455,2026-06-14 18:00:59.323942
226 - 預收款項 - O,226,預收款項,21~22 - 流動負債 - O,Liability,Balance Sheet,,1,0,OO,TWD,21~22 - 流動負債 - O,2026-06-10 17:20:17.063303,2026-06-14 18:00:59.382094
2268 - 其他預收款 - O,2268,其他預收款,226 - 預收款項 - O,Liability,Balance Sheet,,0,0,OO,TWD,226 - 預收款項 - O,2026-06-10 17:20:17.071713,2026-06-14 18:00:59.454697
2262 - 預收收入 - O,2262,預收收入,226 - 預收款項 - O,Liability,Balance Sheet,,0,0,OO,TWD,226 - 預收款項 - O,2026-06-10 17:20:17.085614,2026-06-14 18:00:59.551009
2261 - 預收貨款 - O,2261,預收貨款,226 - 預收款項 - O,Liability,Balance Sheet,,0,0,OO,TWD,226 - 預收款項 - O,2026-06-10 17:20:17.094391,2026-06-14 18:00:59.628799
23 - 長期負債 - O,23,長期負債,2 - 負債 - O,Liability,Balance Sheet,,1,0,OO,TWD,2 - 負債 - O,2026-06-10 17:20:17.103371,2026-06-14 18:00:59.676400
234 - 估計應付土地增值稅 - O,234,估計應付土地增值稅,23 - 長期負債 - O,Liability,Balance Sheet,,1,0,OO,TWD,23 - 長期負債 - O,2026-06-10 17:20:17.114149,2026-06-14 18:00:59.728524
2341 - 估計應付土地增值稅 - O,2341,估計應付土地增值稅,234 - 估計應付土地增值稅 - O,Liability,Balance Sheet,,0,0,OO,TWD,234 - 估計應付土地增值稅 - O,2026-06-10 17:20:17.126073,2026-06-14 18:00:59.775009
238 - 其他長期負債 - O,238,其他長期負債,23 - 長期負債 - O,Liability,Balance Sheet,,1,0,OO,TWD,23 - 長期負債 - O,2026-06-10 17:20:17.138141,2026-06-14 18:00:59.828902
2388 - 其他長期負債—其他 - O,2388,其他長期負債—其他,238 - 其他長期負債 - O,Liability,Balance Sheet,,0,0,OO,TWD,238 - 其他長期負債 - O,2026-06-10 17:20:17.146870,2026-06-14 18:00:59.897450
231 - 應付公司債 - O,231,應付公司債,23 - 長期負債 - O,Liability,Balance Sheet,,1,0,OO,TWD,23 - 長期負債 - O,2026-06-10 17:20:17.157963,2026-06-14 18:00:59.992950
2311 - 應付公司債 - O,2311,應付公司債,231 - 應付公司債 - O,Liability,Balance Sheet,,0,0,OO,TWD,231 - 應付公司債 - O,2026-06-10 17:20:17.165650,2026-06-14 18:01:00.113720
2319 - 應付公司債溢(折)價 - O,2319,應付公司債溢(折)價,231 - 應付公司債 - O,Liability,Balance Sheet,,0,0,OO,TWD,231 - 應付公司債 - O,2026-06-10 17:20:17.176172,2026-06-14 18:01:00.246765
235 - 應計退休金負債 - O,235,應計退休金負債,23 - 長期負債 - O,Liability,Balance Sheet,,1,0,OO,TWD,23 - 長期負債 - O,2026-06-10 17:20:17.184177,2026-06-14 18:01:00.328955
2351 - 應計退休金負債 - O,2351,應計退休金負債,235 - 應計退休金負債 - O,Liability,Balance Sheet,,0,0,OO,TWD,235 - 應計退休金負債 - O,2026-06-10 17:20:17.191904,2026-06-14 18:01:00.371727
232 - 長期借款 - O,232,長期借款,23 - 長期負債 - O,Liability,Balance Sheet,,1,0,OO,TWD,23 - 長期負債 - O,2026-06-10 17:20:17.203194,2026-06-14 18:01:00.415374
2328 - 長期借款 —其他 - O,2328,長期借款 —其他,232 - 長期借款 - O,Liability,Balance Sheet,,0,0,OO,TWD,232 - 長期借款 - O,2026-06-10 17:20:17.211186,2026-06-14 18:01:00.462768
2325 - 長期借款 —員工 - O,2325,長期借款 —員工,232 - 長期借款 - O,Liability,Balance Sheet,,0,0,OO,TWD,232 - 長期借款 - O,2026-06-10 17:20:17.222142,2026-06-14 18:01:00.516870
2324 - 長期借款 —業主 - O,2324,長期借款 —業主,232 - 長期借款 - O,Liability,Balance Sheet,,0,0,OO,TWD,232 - 長期借款 - O,2026-06-10 17:20:17.230124,2026-06-14 18:01:00.576202
2327 - 長期借款 —關係人 - O,2327,長期借款 —關係人,232 - 長期借款 - O,Liability,Balance Sheet,,0,0,OO,TWD,232 - 長期借款 - O,2026-06-10 17:20:17.237933,2026-06-14 18:01:00.633991
2321 - 長期銀行借款 - O,2321,長期銀行借款,232 - 長期借款 - O,Liability,Balance Sheet,,0,0,OO,TWD,232 - 長期借款 - O,2026-06-10 17:20:17.245785,2026-06-14 18:01:00.687126
233 - 長期應付票據及款項 - O,233,長期應付票據及款項,23 - 長期負債 - O,Liability,Balance Sheet,Payable,1,0,OO,TWD,23 - 長期負債 - O,2026-06-10 17:20:17.253819,2026-06-14 18:01:00.739329
2332 - 長期應付帳款 - O,2332,長期應付帳款,233 - 長期應付票據及款項 - O,Liability,Balance Sheet,Payable,0,0,OO,TWD,233 - 長期應付票據及款項 - O,2026-06-10 17:20:17.262102,2026-06-14 18:01:00.810021
2331 - 長期應付票據 - O,2331,長期應付票據,233 - 長期應付票據及款項 - O,Liability,Balance Sheet,Payable,0,0,OO,TWD,233 - 長期應付票據及款項 - O,2026-06-10 17:20:17.272794,2026-06-14 18:01:00.890778
2333 - 長期應付租賃負債 - O,2333,長期應付租賃負債,233 - 長期應付票據及款項 - O,Liability,Balance Sheet,Payable,0,0,OO,TWD,233 - 長期應付票據及款項 - O,2026-06-10 17:20:17.280769,2026-06-14 18:01:01.003085
3 - 業主權益 - O,3,業主權益,,Equity,Balance Sheet,,1,0,OO,TWD,,2026-06-10 17:20:14.610384,2026-06-10 17:20:14.610384
33 - 保留盈餘(累積虧損) - O,33,保留盈餘(累積虧損),3 - 業主權益 - O,Equity,Balance Sheet,,1,0,OO,TWD,3 - 業主權益 - O,2026-06-10 17:20:14.623834,2026-06-14 18:00:41.088395
335 - 未分配盈餘(累積虧損) - O,335,未分配盈餘(累積虧損) ,33 - 保留盈餘(累積虧損) - O,Equity,Balance Sheet,,1,0,OO,TWD,33 - 保留盈餘(累積虧損) - O,2026-06-10 17:20:14.638026,2026-06-14 18:00:41.132038
331 - 法定盈餘公積 - O,331,法定盈餘公積,33 - 保留盈餘(累積虧損) - O,Equity,Balance Sheet,,1,0,OO,TWD,33 - 保留盈餘(累積虧損) - O,2026-06-10 17:20:14.651981,2026-06-14 18:00:41.183475
3311 - 法定盈餘公積 - O,3311,法定盈餘公積,331 - 法定盈餘公積 - O,Equity,Balance Sheet,,0,0,OO,TWD,331 - 法定盈餘公積 - O,2026-06-10 17:20:14.659862,2026-06-14 18:00:41.249749
332 - 特別盈餘公積 - O,332,特別盈餘公積,33 - 保留盈餘(累積虧損) - O,Equity,Balance Sheet,,1,0,OO,TWD,33 - 保留盈餘(累積虧損) - O,2026-06-10 17:20:14.672277,2026-06-14 18:00:41.315218
3323 - 償債準備 - O,3323,償債準備,332 - 特別盈餘公積 - O,Equity,Balance Sheet,,0,0,OO,TWD,332 - 特別盈餘公積 - O,2026-06-10 17:20:14.683086,2026-06-14 18:00:41.393412
3328 - 其他特別盈餘公積 - O,3328,其他特別盈餘公積,332 - 特別盈餘公積 - O,Equity,Balance Sheet,,0,0,OO,TWD,332 - 特別盈餘公積 - O,2026-06-10 17:20:14.695110,2026-06-14 18:00:41.438746
3321 - 意外損失準備 - O,3321,意外損失準備,332 - 特別盈餘公積 - O,Equity,Balance Sheet,,0,0,OO,TWD,332 - 特別盈餘公積 - O,2026-06-10 17:20:14.706047,2026-06-14 18:00:41.491189
3322 - 改良擴充準備 - O,3322,改良擴充準備,332 - 特別盈餘公積 - O,Equity,Balance Sheet,,0,0,OO,TWD,332 - 特別盈餘公積 - O,2026-06-10 17:20:14.716885,2026-06-14 18:00:41.534547
36 - 少數股權 - O,36,少數股權,3 - 業主權益 - O,Equity,Balance Sheet,,1,0,OO,TWD,3 - 業主權益 - O,2026-06-10 17:20:14.727742,2026-06-14 18:00:41.582098
361 - 少數股權 - O,361,少數股權,36 - 少數股權 - O,Equity,Balance Sheet,,1,0,OO,TWD,36 - 少數股權 - O,2026-06-10 17:20:14.736261,2026-06-14 18:00:41.630379
3611 - 少數股權 - O,3611,少數股權,361 - 少數股權 - O,Equity,Balance Sheet,,0,0,OO,TWD,361 - 少數股權 - O,2026-06-10 17:20:14.747559,2026-06-14 18:00:41.674016
35 - 庫藏股 - O,35,庫藏股,3 - 業主權益 - O,Equity,Balance Sheet,,1,0,OO,TWD,3 - 業主權益 - O,2026-06-10 17:20:14.760897,2026-06-14 18:00:41.722875
351 - 庫藏股 - O,351,庫藏股,35 - 庫藏股 - O,Equity,Balance Sheet,,1,0,OO,TWD,35 - 庫藏股 - O,2026-06-10 17:20:14.768961,2026-06-14 18:00:41.784607
3511 - 庫藏股 - O,3511,庫藏股,351 - 庫藏股 - O,Equity,Balance Sheet,,0,0,OO,TWD,351 - 庫藏股 - O,2026-06-10 17:20:14.780891,2026-06-14 18:00:41.864831
34 - 權益調整 - O,34,權益調整,3 - 業主權益 - O,Equity,Balance Sheet,,1,0,OO,TWD,3 - 業主權益 - O,2026-06-10 17:20:14.794137,2026-06-14 18:00:41.974763
343 - 未認列為退休金成本之淨損失 - O,343,未認列為退休金成本之淨損失,34 - 權益調整 - O,Equity,Balance Sheet,,1,0,OO,TWD,34 - 權益調整 - O,2026-06-10 17:20:14.805220,2026-06-14 18:00:42.100052
3431 - 未認列為退休金成本之淨損失 - O,3431,未認列為退休金成本之淨損失,343 - 未認列為退休金成本之淨損失 - O,Equity,Balance Sheet,,0,0,OO,TWD,343 - 未認列為退休金成本之淨損失 - O,2026-06-10 17:20:14.816681,2026-06-14 18:00:42.222721
342 - 累積換算調整數 - O,342,累積換算調整數,34 - 權益調整 - O,Equity,Balance Sheet,,1,0,OO,TWD,34 - 權益調整 - O,2026-06-10 17:20:14.829963,2026-06-14 18:00:42.350133
3421 - 累積換算調整數 - O,3421,累積換算調整數,342 - 累積換算調整數 - O,Equity,Balance Sheet,,0,0,OO,TWD,342 - 累積換算調整數 - O,2026-06-10 17:20:14.838395,2026-06-14 18:00:42.463986
341 - 長期股權投資未實現跌價損失 - O,341,長期股權投資未實現跌價損失,34 - 權益調整 - O,Equity,Balance Sheet,,1,0,OO,TWD,34 - 權益調整 - O,2026-06-10 17:20:14.852585,2026-06-14 18:00:42.521488
3411 - 長期股權投資未實現跌價損失 - O,3411,長期股權投資未實現跌價損失,341 - 長期股權投資未實現跌價損失 - O,Equity,Balance Sheet,,0,0,OO,TWD,341 - 長期股權投資未實現跌價損失 - O,2026-06-10 17:20:14.860309,2026-06-14 18:00:42.602390
31 - 資本 - O,31,資本,3 - 業主權益 - O,Equity,Balance Sheet,,1,0,OO,TWD,3 - 業主權益 - O,2026-06-10 17:20:14.871506,2026-06-14 18:00:42.672522
311 - 資本（股本） - O,311,資本（股本） ,31 - 資本 - O,Equity,Balance Sheet,,1,0,OO,TWD,31 - 資本 - O,2026-06-10 17:20:14.880664,2026-06-14 18:00:42.719006
3114 - 待分配股票股利 - O,3114,待分配股票股利,311 - 資本（股本） - O,Equity,Balance Sheet,,0,0,OO,TWD,311 - 資本（股本） - O,2026-06-10 17:20:14.892898,2026-06-14 18:00:42.771436
3111 - 普通股股本 - O,3111,普通股股本,311 - 資本（股本） - O,Equity,Balance Sheet,,0,0,OO,TWD,311 - 資本（股本） - O,2026-06-10 17:20:14.905014,2026-06-14 18:00:42.826923
3112 - 特別股股本 - O,3112,特別股股本,311 - 資本（股本） - O,Equity,Balance Sheet,,0,0,OO,TWD,311 - 資本（股本） - O,2026-06-10 17:20:14.913167,2026-06-14 18:00:42.894081
3115 - 資本 - O,3115,資本,311 - 資本（股本） - O,Equity,Balance Sheet,,0,0,OO,TWD,311 - 資本（股本） - O,2026-06-10 17:20:14.921141,2026-06-14 18:00:42.974715
3113 - 預收股本 - O,3113,預收股本,311 - 資本（股本） - O,Equity,Balance Sheet,,0,0,OO,TWD,311 - 資本（股本） - O,2026-06-10 17:20:14.930119,2026-06-14 18:00:43.084113
32 - 資本公積 - O,32,資本公積,3 - 業主權益 - O,Equity,Balance Sheet,,1,0,OO,TWD,3 - 業主權益 - O,2026-06-10 17:20:14.938417,2026-06-14 18:00:43.212547
328 - 其他資本公積 - O,328,其他資本公積,32 - 資本公積 - O,Equity,Balance Sheet,,1,0,OO,TWD,32 - 資本公積 - O,2026-06-10 17:20:14.946498,2026-06-14 18:00:43.340165
3281 - 權益法長期股權投資資本公積 - O,3281,權益法長期股權投資資本公積,328 - 其他資本公積 - O,Equity,Balance Sheet,,0,0,OO,TWD,328 - 其他資本公積 - O,2026-06-10 17:20:14.957721,2026-06-14 18:00:43.469842
3282 - 資本公積— 庫藏股票交易 - O,3282,資本公積— 庫藏股票交易,328 - 其他資本公積 - O,Equity,Balance Sheet,,0,0,OO,TWD,328 - 其他資本公積 - O,2026-06-10 17:20:14.970204,2026-06-14 18:00:43.577476
326 - 受贈公積 - O,326,受贈公積,32 - 資本公積 - O,Equity,Balance Sheet,,1,0,OO,TWD,32 - 資本公積 - O,2026-06-10 17:20:14.979479,2026-06-14 18:00:43.637278
3261 - 受贈公積 - O,3261,受贈公積,326 - 受贈公積 - O,Equity,Balance Sheet,,0,0,OO,TWD,326 - 受贈公積 - O,2026-06-10 17:20:14.987183,2026-06-14 18:00:43.689843
325 - 合併公積 - O,325,合併公積,32 - 資本公積 - O,Equity,Balance Sheet,,1,0,OO,TWD,32 - 資本公積 - O,2026-06-10 17:20:14.999479,2026-06-14 18:00:43.733118
3251 - 合併公積 - O,3251,合併公積,325 - 合併公積 - O,Equity,Balance Sheet,,0,0,OO,TWD,325 - 合併公積 - O,2026-06-10 17:20:15.007387,2026-06-14 18:00:43.779772
321 - 股票溢價 - O,321,股票溢價,32 - 資本公積 - O,Equity,Balance Sheet,,1,0,OO,TWD,32 - 資本公積 - O,2026-06-10 17:20:15.019944,2026-06-14 18:00:43.838133
3211 - 普通股股票溢價 - O,3211,普通股股票溢價,321 - 股票溢價 - O,Equity,Balance Sheet,,0,0,OO,TWD,321 - 股票溢價 - O,2026-06-10 17:20:15.027704,2026-06-14 18:00:43.912169
3212 - 特別股股票溢價 - O,3212,特別股股票溢價,321 - 股票溢價 - O,Equity,Balance Sheet,,0,0,OO,TWD,321 - 股票溢價 - O,2026-06-10 17:20:15.038740,2026-06-14 18:00:44.018252
324 - 處分資產溢價公積 - O,324,處分資產溢價公積,32 - 資本公積 - O,Equity,Balance Sheet,,1,0,OO,TWD,32 - 資本公積 - O,2026-06-10 17:20:15.046674,2026-06-14 18:00:44.144124
3241 - 處分資產溢價公積 - O,3241,處分資產溢價公積,324 - 處分資產溢價公積 - O,Equity,Balance Sheet,,0,0,OO,TWD,324 - 處分資產溢價公積 - O,2026-06-10 17:20:15.054491,2026-06-14 18:00:44.267918
323 - 資產重估增值準備 - O,323,資產重估增值準備,32 - 資本公積 - O,Equity,Balance Sheet,,1,0,OO,TWD,32 - 資本公積 - O,2026-06-10 17:20:15.067401,2026-06-14 18:00:44.395993
3231 - 資產重估增值準備 - O,3231,資產重估增值準備,323 - 資產重估增值準備 - O,Equity,Balance Sheet,,0,0,OO,TWD,323 - 資產重估增值準備 - O,2026-06-10 17:20:15.075896,2026-06-14 18:00:44.506146
4 - 營業收入 - O,4,營業收入,,Income,Profit and Loss,,1,0,OO,TWD,,2026-06-10 17:20:15.860580,2026-06-10 17:20:15.860580
48 - 其他營業收入 - O,48,其他營業收入,4 - 營業收入 - O,Income,Profit and Loss,,1,0,OO,TWD,4 - 營業收入 - O,2026-06-10 17:20:15.868926,2026-06-14 18:00:49.912758
488 - 其他營業收入—其他 - O,488,其他營業收入—其他,48 - 其他營業收入 - O,Income,Profit and Loss,,1,0,OO,TWD,48 - 其他營業收入 - O,2026-06-10 17:20:15.880589,2026-06-14 18:00:50.026610
4888 - 其他營業收入—其他 - O,4888,其他營業收入—其他,488 - 其他營業收入—其他 - O,Income,Profit and Loss,,0,0,OO,TWD,488 - 其他營業收入—其他 - O,2026-06-10 17:20:15.891621,2026-06-14 18:00:50.146713
46 - 勞務收入 - O,46,勞務收入,4 - 營業收入 - O,Income,Profit and Loss,,1,0,OO,TWD,4 - 營業收入 - O,2026-06-10 17:20:15.901660,2026-06-14 18:00:50.263999
461 - 勞務收入 - O,461,勞務收入,46 - 勞務收入 - O,Income,Profit and Loss,,1,0,OO,TWD,46 - 勞務收入 - O,2026-06-10 17:20:15.908918,2026-06-14 18:00:50.341613
4611 - 勞務收入 - O,4611,勞務收入,461 - 勞務收入 - O,Income,Profit and Loss,,0,0,OO,TWD,461 - 勞務收入 - O,2026-06-10 17:20:15.919088,2026-06-14 18:00:50.386503
47 - 業務收入 - O,47,業務收入,4 - 營業收入 - O,Income,Profit and Loss,,1,0,OO,TWD,4 - 營業收入 - O,2026-06-10 17:20:15.929046,2026-06-14 18:00:50.434537
471 - 業務收入 - O,471,業務收入,47 - 業務收入 - O,Income,Profit and Loss,,1,0,OO,TWD,47 - 業務收入 - O,2026-06-10 17:20:15.936389,2026-06-14 18:00:50.480679
4711 - 業務收入 - O,4711,業務收入,471 - 業務收入 - O,Income,Profit and Loss,,0,0,OO,TWD,471 - 業務收入 - O,2026-06-10 17:20:15.947057,2026-06-14 18:00:50.538119
41 - 銷貨收入 - O,41,銷貨收入,4 - 營業收入 - O,Income,Profit and Loss,,1,0,OO,TWD,4 - 營業收入 - O,2026-06-10 17:20:15.958318,2026-06-14 18:00:50.611837
419 - 銷貨折讓 - O,419,銷貨折讓,41 - 銷貨收入 - O,Income,Profit and Loss,,1,0,OO,TWD,41 - 銷貨收入 - O,2026-06-10 17:20:15.966745,2026-06-14 18:00:50.652418
4191 - 銷貨折讓 - O,4191,銷貨折讓,419 - 銷貨折讓 - O,Income,Profit and Loss,,0,0,OO,TWD,419 - 銷貨折讓 - O,2026-06-10 17:20:15.978305,2026-06-14 18:00:50.716270
411 - 銷貨收入 - O,411,銷貨收入,41 - 銷貨收入 - O,Income,Profit and Loss,,1,0,OO,TWD,41 - 銷貨收入 - O,2026-06-10 17:20:15.989751,2026-06-14 18:00:50.799268
4112 - 分期付款銷貨收入 - O,4112,分期付款銷貨收入,411 - 銷貨收入 - O,Income,Profit and Loss,,0,0,OO,TWD,411 - 銷貨收入 - O,2026-06-10 17:20:15.998361,2026-06-14 18:00:50.903713
4111 - 銷貨收入 - O,4111,銷貨收入,411 - 銷貨收入 - O,Income,Profit and Loss,,0,0,OO,TWD,411 - 銷貨收入 - O,2026-06-10 17:20:16.010199,2026-06-14 18:00:51.023747
417 - 銷貨退回 - O,417,銷貨退回,41 - 銷貨收入 - O,Income,Profit and Loss,,1,0,OO,TWD,41 - 銷貨收入 - O,2026-06-10 17:20:16.018932,2026-06-14 18:00:51.144960
4171 - 銷貨退回 - O,4171,銷貨退回,417 - 銷貨退回 - O,Income,Profit and Loss,,0,0,OO,TWD,417 - 銷貨退回 - O,2026-06-10 17:20:16.027377,2026-06-14 18:00:51.266027
5 - 營業成本 - O,5,營業成本,,Expense,Profit and Loss,,1,0,OO,TWD,,2026-06-10 17:20:15.438913,2026-06-10 17:20:15.438913
Stock Adjustment - O,,Stock Adjustment,5 - 營業成本 - O,Expense,Profit and Loss,Stock Adjustment,0,0,OO,TWD,5 - 營業成本 - O,2026-06-10 17:20:15.446914,2026-06-14 18:00:46.423085
58 - 其他營業成本 - O,58,其他營業成本,5 - 營業成本 - O,Expense,Profit and Loss,,1,0,OO,TWD,5 - 營業成本 - O,2026-06-10 17:20:15.456178,2026-06-14 18:00:46.479975
588 - 其他營業成本—其他 - O,588,其他營業成本—其他 ,58 - 其他營業成本 - O,Expense,Profit and Loss,,1,0,OO,TWD,58 - 其他營業成本 - O,2026-06-10 17:20:15.463263,2026-06-14 18:00:46.551005
5888 - 其他營業成本—其他 - O,5888,其他營業成本—其他,588 - 其他營業成本—其他 - O,Expense,Profit and Loss,,0,0,OO,TWD,588 - 其他營業成本—其他 - O,2026-06-10 17:20:15.473071,2026-06-14 18:00:46.637923
56 - 勞務成本製 - O,56,勞務成本製,5 - 營業成本 - O,Expense,Profit and Loss,,1,0,OO,TWD,5 - 營業成本 - O,2026-06-10 17:20:15.483995,2026-06-14 18:00:46.742193
561 - 勞務成本 - O,561,勞務成本,56 - 勞務成本製 - O,Expense,Profit and Loss,,1,0,OO,TWD,56 - 勞務成本製 - O,2026-06-10 17:20:15.491219,2026-06-14 18:00:46.852795
5611 - 勞務成本 - O,5611,勞務成本,561 - 勞務成本 - O,Expense,Profit and Loss,,0,0,OO,TWD,561 - 勞務成本 - O,2026-06-10 17:20:15.500803,2026-06-14 18:00:46.965065
57 - 業務成本 - O,57,業務成本,5 - 營業成本 - O,Expense,Profit and Loss,,1,0,OO,TWD,5 - 營業成本 - O,2026-06-10 17:20:15.510640,2026-06-14 18:00:47.013825
571 - 業務成本 - O,571,業務成本,57 - 業務成本 - O,Expense,Profit and Loss,,1,0,OO,TWD,57 - 業務成本 - O,2026-06-10 17:20:15.517787,2026-06-14 18:00:47.059957
5711 - 業務成本 - O,5711,業務成本,571 - 業務成本 - O,Expense,Profit and Loss,,0,0,OO,TWD,571 - 業務成本 - O,2026-06-10 17:20:15.527455,2026-06-14 18:00:47.097138
51 - 銷貨成本 - O,51,銷貨成本,5 - 營業成本 - O,Expense,Profit and Loss,Cost of Goods Sold,1,0,OO,TWD,5 - 營業成本 - O,2026-06-10 17:20:15.538936,2026-06-14 18:00:47.144940
Expenses Included In Valuation - O,,Expenses Included In Valuation,51 - 銷貨成本 - O,Expense,Profit and Loss,Expenses Included In Valuation,0,0,OO,TWD,51 - 銷貨成本 - O,2026-06-10 17:20:15.546174,2026-06-14 18:00:47.206532
514 - 直接人工 - O,514,直接人工,51 - 銷貨成本 - O,Expense,Profit and Loss,,1,0,OO,TWD,51 - 銷貨成本 - O,2026-06-10 17:20:15.555352,2026-06-14 18:00:47.295425
5141 - 直接人工 - O,5141,直接人工,514 - 直接人工 - O,Expense,Profit and Loss,,0,0,OO,TWD,514 - 直接人工 - O,2026-06-10 17:20:15.562454,2026-06-14 18:00:47.339883
515~518 - 製造費用 - O,515~518,製造費用,51 - 銷貨成本 - O,Expense,Profit and Loss,,1,0,OO,TWD,51 - 銷貨成本 - O,2026-06-10 17:20:15.576292,2026-06-14 18:00:47.387650
5172 - 伙食費 - O,5172,伙食費,515~518 - 製造費用 - O,Expense,Profit and Loss,,0,0,OO,TWD,515~518 - 製造費用 - O,2026-06-10 17:20:15.583031,2026-06-14 18:00:47.446829
5162 - 保險費 - O,5162,保險費,515~518 - 製造費用 - O,Expense,Profit and Loss,,0,0,OO,TWD,515~518 - 製造費用 - O,2026-06-10 17:20:15.594144,2026-06-14 18:00:47.519681
5157 - 修繕費 - O,5157,修繕費,515~518 - 製造費用 - O,Expense,Profit and Loss,,0,0,OO,TWD,515~518 - 製造費用 - O,2026-06-10 17:20:15.602442,2026-06-14 18:00:47.625639
5188 - 其他製造費用 - O,5188,其他製造費用,515~518 - 製造費用 - O,Expense,Profit and Loss,,0,0,OO,TWD,515~518 - 製造費用 - O,2026-06-10 17:20:15.609813,2026-06-14 18:00:47.677934
5163 - 加工費 - O,5163,加工費,515~518 - 製造費用 - O,Expense,Profit and Loss,,0,0,OO,TWD,515~518 - 製造費用 - O,2026-06-10 17:20:15.616995,2026-06-14 18:00:47.738541
5158 - 包裝費 - O,5158,包裝費,515~518 - 製造費用 - O,Expense,Profit and Loss,,0,0,OO,TWD,515~518 - 製造費用 - O,2026-06-10 17:20:15.623994,2026-06-14 18:00:47.808649
5169 - 各項耗竭及攤提 - O,5169,各項耗竭及攤提,515~518 - 製造費用 - O,Expense,Profit and Loss,,0,0,OO,TWD,515~518 - 製造費用 - O,2026-06-10 17:20:15.631002,2026-06-14 18:00:47.895779
5168 - 折舊 - O,5168,折舊 ,515~518 - 製造費用 - O,Expense,Profit and Loss,Depreciation,0,0,OO,TWD,515~518 - 製造費用 - O,2026-06-10 17:20:15.638127,2026-06-14 18:00:48.004575
5153 - 文具用品 - O,5153,文具用品,515~518 - 製造費用 - O,Expense,Profit and Loss,,0,0,OO,TWD,515~518 - 製造費用 - O,2026-06-10 17:20:15.646371,2026-06-14 18:00:48.104978
5154 - 旅費 - O,5154,旅費,515~518 - 製造費用 - O,Expense,Profit and Loss,,0,0,OO,TWD,515~518 - 製造費用 - O,2026-06-10 17:20:15.655089,2026-06-14 18:00:48.149723
5161 - 水電瓦斯費 - O,5161,水電瓦斯費,515~518 - 製造費用 - O,Expense,Profit and Loss,,0,0,OO,TWD,515~518 - 製造費用 - O,2026-06-10 17:20:15.664441,2026-06-14 18:00:48.197840
5152 - 租金支出 - O,5152,租金支出,515~518 - 製造費用 - O,Expense,Profit and Loss,,0,0,OO,TWD,515~518 - 製造費用 - O,2026-06-10 17:20:15.672754,2026-06-14 18:00:48.241989
5166 - 稅捐 - O,5166,稅捐,515~518 - 製造費用 - O,Expense,Profit and Loss,Tax,0,0,OO,TWD,515~518 - 製造費用 - O,2026-06-10 17:20:15.680944,2026-06-14 18:00:48.297568
5173 - 職工福利 - O,5173,職工福利,515~518 - 製造費用 - O,Expense,Profit and Loss,,0,0,OO,TWD,515~518 - 製造費用 - O,2026-06-10 17:20:15.689878,2026-06-14 18:00:48.361286
5176 - 訓練費 - O,5176,訓練費,515~518 - 製造費用 - O,Expense,Profit and Loss,,0,0,OO,TWD,515~518 - 製造費用 - O,2026-06-10 17:20:15.698162,2026-06-14 18:00:48.440953
5155 - 運費 - O,5155,運費,515~518 - 製造費用 - O,Expense,Profit and Loss,,0,0,OO,TWD,515~518 - 製造費用 - O,2026-06-10 17:20:15.706413,2026-06-14 18:00:48.535115
5156 - 郵電費 - O,5156,郵電費,515~518 - 製造費用 - O,Expense,Profit and Loss,,0,0,OO,TWD,515~518 - 製造費用 - O,2026-06-10 17:20:15.714997,2026-06-14 18:00:48.643735
5151 - 間接人工 - O,5151,間接人工,515~518 - 製造費用 - O,Expense,Profit and Loss,,0,0,OO,TWD,515~518 - 製造費用 - O,2026-06-10 17:20:15.723378,2026-06-14 18:00:48.710598
5177 - 間接材料 - O,5177,間接材料,515~518 - 製造費用 - O,Expense,Profit and Loss,,0,0,OO,TWD,515~518 - 製造費用 - O,2026-06-10 17:20:15.731600,2026-06-14 18:00:48.807815
513 - 進料 - O,513,進料,51 - 銷貨成本 - O,Expense,Profit and Loss,,1,0,OO,TWD,51 - 銷貨成本 - O,2026-06-10 17:20:15.740068,2026-06-14 18:00:48.918191
5131 - 進料 - O,5131,進料,513 - 進料 - O,Expense,Profit and Loss,,0,0,OO,TWD,513 - 進料 - O,2026-06-10 17:20:15.748610,2026-06-14 18:00:49.037485
5134 - 進料折讓 - O,5134,進料折讓,513 - 進料 - O,Expense,Profit and Loss,,0,0,OO,TWD,513 - 進料 - O,2026-06-10 17:20:15.761213,2026-06-14 18:00:49.157094
5132 - 進料費用 - O,5132,進料費用,513 - 進料 - O,Expense,Profit and Loss,,0,0,OO,TWD,513 - 進料 - O,2026-06-10 17:20:15.769618,2026-06-14 18:00:49.227929
5133 - 進料退出 - O,5133,進料退出,513 - 進料 - O,Expense,Profit and Loss,,0,0,OO,TWD,513 - 進料 - O,2026-06-10 17:20:15.778027,2026-06-14 18:00:49.272030
512 - 進貨 - O,512,進貨,51 - 銷貨成本 - O,Expense,Profit and Loss,,1,0,OO,TWD,51 - 銷貨成本 - O,2026-06-10 17:20:15.786650,2026-06-14 18:00:49.325894
5121 - 進貨 - O,5121,進貨,512 - 進貨 - O,Expense,Profit and Loss,,0,0,OO,TWD,512 - 進貨 - O,2026-06-10 17:20:15.795041,2026-06-14 18:00:49.375163
5124 - 進貨折讓 - O,5124,進貨折讓,512 - 進貨 - O,Expense,Profit and Loss,,0,0,OO,TWD,512 - 進貨 - O,2026-06-10 17:20:15.806488,2026-06-14 18:00:49.436700
5122 - 進貨費用 - O,5122,進貨費用,512 - 進貨 - O,Expense,Profit and Loss,,0,0,OO,TWD,512 - 進貨 - O,2026-06-10 17:20:15.814963,2026-06-14 18:00:49.497536
5123 - 進貨退出 - O,5123,進貨退出,512 - 進貨 - O,Expense,Profit and Loss,,0,0,OO,TWD,512 - 進貨 - O,2026-06-10 17:20:15.823424,2026-06-14 18:00:49.563296
511 - 銷貨成本 - O,511,銷貨成本,51 - 銷貨成本 - O,Expense,Profit and Loss,Cost of Goods Sold,1,0,OO,TWD,51 - 銷貨成本 - O,2026-06-10 17:20:15.831802,2026-06-14 18:00:49.619504
5112 - 分期付款銷貨成本 - O,5112,分期付款銷貨成本,511 - 銷貨成本 - O,Expense,Profit and Loss,Cost of Goods Sold,0,0,OO,TWD,511 - 銷貨成本 - O,2026-06-10 17:20:15.840159,2026-06-14 18:00:49.683345
5111 - 銷貨成本 - O,5111,銷貨成本,511 - 銷貨成本 - O,Expense,Profit and Loss,Cost of Goods Sold,0,0,OO,TWD,511 - 銷貨成本 - O,2026-06-10 17:20:15.851808,2026-06-14 18:00:49.770388
6 - 營業費用 - O,6,營業費用,,Expense,Profit and Loss,,1,0,OO,TWD,,2026-06-10 17:20:16.039214,2026-06-10 17:20:16.039214
61 - 推銷費用 - O,61,推銷費用,6 - 營業費用 - O,Expense,Profit and Loss,,1,0,OO,TWD,6 - 營業費用 - O,2026-06-10 17:20:16.047533,2026-06-14 18:00:51.425721
615~618 - 推銷費用 - O,615~618,推銷費用,61 - 推銷費用 - O,Expense,Profit and Loss,,1,0,OO,TWD,61 - 推銷費用 - O,2026-06-10 17:20:16.057839,2026-06-14 18:00:51.468315
6164 - 交際費 - O,6164,交際費,615~618 - 推銷費用 - O,Expense,Profit and Loss,,0,0,OO,TWD,615~618 - 推銷費用 - O,2026-06-10 17:20:16.068961,2026-06-14 18:00:51.505897
6172 - 伙食費 - O,6172,伙食費,615~618 - 推銷費用 - O,Expense,Profit and Loss,,0,0,OO,TWD,615~618 - 推銷費用 - O,2026-06-10 17:20:16.080679,2026-06-14 18:00:51.543102
6175 - 佣金支出 - O,6175,佣金支出,615~618 - 推銷費用 - O,Expense,Profit and Loss,,0,0,OO,TWD,615~618 - 推銷費用 - O,2026-06-10 17:20:16.089280,2026-06-14 18:00:51.581655
6162 - 保險費 - O,6162,保險費,615~618 - 推銷費用 - O,Expense,Profit and Loss,,0,0,OO,TWD,615~618 - 推銷費用 - O,2026-06-10 17:20:16.096794,2026-06-14 18:00:51.624108
6157 - 修繕費 - O,6157,修繕費,615~618 - 推銷費用 - O,Expense,Profit and Loss,,0,0,OO,TWD,615~618 - 推銷費用 - O,2026-06-10 17:20:16.104400,2026-06-14 18:00:51.667323
6188 - 其他推銷費用 - O,6188,其他推銷費用,615~618 - 推銷費用 - O,Expense,Profit and Loss,,0,0,OO,TWD,615~618 - 推銷費用 - O,2026-06-10 17:20:16.111962,2026-06-14 18:00:51.718560
6169 - 各項耗竭及攤提 - O,6169,各項耗竭及攤提,615~618 - 推銷費用 - O,Expense,Profit and Loss,,0,0,OO,TWD,615~618 - 推銷費用 - O,2026-06-10 17:20:16.119849,2026-06-14 18:00:51.775810
6167 - 呆帳損失 - O,6167,呆帳損失,615~618 - 推銷費用 - O,Expense,Profit and Loss,,0,0,OO,TWD,615~618 - 推銷費用 - O,2026-06-10 17:20:16.128087,2026-06-14 18:00:51.836637
6159 - 廣告費 - O,6159,廣告費,615~618 - 推銷費用 - O,Expense,Profit and Loss,,0,0,OO,TWD,615~618 - 推銷費用 - O,2026-06-10 17:20:16.136308,2026-06-14 18:00:51.908987
6168 - 折舊 - O,6168,折舊 ,615~618 - 推銷費用 - O,Expense,Profit and Loss,Depreciation,0,0,OO,TWD,615~618 - 推銷費用 - O,2026-06-10 17:20:16.144279,2026-06-14 18:00:51.992817
6165 - 捐贈 - O,6165,捐贈,615~618 - 推銷費用 - O,Expense,Profit and Loss,,0,0,OO,TWD,615~618 - 推銷費用 - O,2026-06-10 17:20:16.154091,2026-06-14 18:00:52.094559
6153 - 文具用品 - O,6153,文具用品,615~618 - 推銷費用 - O,Expense,Profit and Loss,,0,0,OO,TWD,615~618 - 推銷費用 - O,2026-06-10 17:20:16.163693,2026-06-14 18:00:52.202458
6154 - 旅費 - O,6154,旅費,615~618 - 推銷費用 - O,Expense,Profit and Loss,,0,0,OO,TWD,615~618 - 推銷費用 - O,2026-06-10 17:20:16.173622,2026-06-14 18:00:52.313941
6161 - 水電瓦斯費 - O,6161,水電瓦斯費,615~618 - 推銷費用 - O,Expense,Profit and Loss,,0,0,OO,TWD,615~618 - 推銷費用 - O,2026-06-10 17:20:16.186185,2026-06-14 18:00:52.422012
6152 - 租金支出 - O,6152,租金支出,615~618 - 推銷費用 - O,Expense,Profit and Loss,,0,0,OO,TWD,615~618 - 推銷費用 - O,2026-06-10 17:20:16.196208,2026-06-14 18:00:52.528861
6166 - 稅捐 - O,6166,稅捐,615~618 - 推銷費用 - O,Expense,Profit and Loss,Tax,0,0,OO,TWD,615~618 - 推銷費用 - O,2026-06-10 17:20:16.205895,2026-06-14 18:00:52.578966
6173 - 職工福利 - O,6173,職工福利,615~618 - 推銷費用 - O,Expense,Profit and Loss,,0,0,OO,TWD,615~618 - 推銷費用 - O,2026-06-10 17:20:16.215473,2026-06-14 18:00:52.616839
6151 - 薪資支出 - O,6151,薪資支出,615~618 - 推銷費用 - O,Expense,Profit and Loss,,0,0,OO,TWD,615~618 - 推銷費用 - O,2026-06-10 17:20:16.224774,2026-06-14 18:00:52.656717
6176 - 訓練費 - O,6176,訓練費,615~618 - 推銷費用 - O,Expense,Profit and Loss,,0,0,OO,TWD,615~618 - 推銷費用 - O,2026-06-10 17:20:16.233936,2026-06-14 18:00:52.701833
6155 - 運費 - O,6155,運費,615~618 - 推銷費用 - O,Expense,Profit and Loss,,0,0,OO,TWD,615~618 - 推銷費用 - O,2026-06-10 17:20:16.242985,2026-06-14 18:00:52.753582
6156 - 郵電費 - O,6156,郵電費,615~618 - 推銷費用 - O,Expense,Profit and Loss,,0,0,OO,TWD,615~618 - 推銷費用 - O,2026-06-10 17:20:16.251699,2026-06-14 18:00:52.812471
63 - 研究發展費用 - O,63,研究發展費用,6 - 營業費用 - O,Expense,Profit and Loss,,1,0,OO,TWD,6 - 營業費用 - O,2026-06-10 17:20:16.261292,2026-06-14 18:00:52.880611
635~638 - 研究發展費用 - O,635~638,研究發展費用,63 - 研究發展費用 - O,Expense,Profit and Loss,,1,0,OO,TWD,63 - 研究發展費用 - O,2026-06-10 17:20:16.269825,2026-06-14 18:00:52.959906
6364 - 交際費 - O,6364,交際費,635~638 - 研究發展費用 - O,Expense,Profit and Loss,,0,0,OO,TWD,635~638 - 研究發展費用 - O,2026-06-10 17:20:16.281315,2026-06-14 18:00:53.051132
6372 - 伙食費 - O,6372,伙食費,635~638 - 研究發展費用 - O,Expense,Profit and Loss,,0,0,OO,TWD,635~638 - 研究發展費用 - O,2026-06-10 17:20:16.292795,2026-06-14 18:00:53.156961
6362 - 保險費 - O,6362,保險費,635~638 - 研究發展費用 - O,Expense,Profit and Loss,,0,0,OO,TWD,635~638 - 研究發展費用 - O,2026-06-10 17:20:16.301098,2026-06-14 18:00:53.264595
6357 - 修繕費 - O,6357,修繕費,635~638 - 研究發展費用 - O,Expense,Profit and Loss,,0,0,OO,TWD,635~638 - 研究發展費用 - O,2026-06-10 17:20:16.309414,2026-06-14 18:00:53.368078
6378 - 其他研究發展費用 - O,6378,其他研究發展費用,635~638 - 研究發展費用 - O,Expense,Profit and Loss,,0,0,OO,TWD,635~638 - 研究發展費用 - O,2026-06-10 17:20:16.317994,2026-06-14 18:00:53.484357
6369 - 各項耗竭及攤提 - O,6369,各項耗竭及攤提,635~638 - 研究發展費用 - O,Expense,Profit and Loss,,0,0,OO,TWD,635~638 - 研究發展費用 - O,2026-06-10 17:20:16.326439,2026-06-14 18:00:53.595842
6368 - 折舊 - O,6368,折舊,635~638 - 研究發展費用 - O,Expense,Profit and Loss,Depreciation,0,0,OO,TWD,635~638 - 研究發展費用 - O,2026-06-10 17:20:16.334706,2026-06-14 18:00:53.651709
6353 - 文具用品 - O,6353,文具用品,635~638 - 研究發展費用 - O,Expense,Profit and Loss,,0,0,OO,TWD,635~638 - 研究發展費用 - O,2026-06-10 17:20:16.346670,2026-06-14 18:00:53.691919
6354 - 旅費 - O,6354,旅費,635~638 - 研究發展費用 - O,Expense,Profit and Loss,,0,0,OO,TWD,635~638 - 研究發展費用 - O,2026-06-10 17:20:16.356781,2026-06-14 18:00:53.734253
6361 - 水電瓦斯費 - O,6361,水電瓦斯費,635~638 - 研究發展費用 - O,Expense,Profit and Loss,,0,0,OO,TWD,635~638 - 研究發展費用 - O,2026-06-10 17:20:16.366159,2026-06-14 18:00:53.774295
6352 - 租金支出 - O,6352,租金支出,635~638 - 研究發展費用 - O,Expense,Profit and Loss,,0,0,OO,TWD,635~638 - 研究發展費用 - O,2026-06-10 17:20:16.375746,2026-06-14 18:00:53.818441
6366 - 稅捐 - O,6366,稅捐,635~638 - 研究發展費用 - O,Expense,Profit and Loss,Tax,0,0,OO,TWD,635~638 - 研究發展費用 - O,2026-06-10 17:20:16.385452,2026-06-14 18:00:53.859089
6373 - 職工福利 - O,6373,職工福利,635~638 - 研究發展費用 - O,Expense,Profit and Loss,,0,0,OO,TWD,635~638 - 研究發展費用 - O,2026-06-10 17:20:16.395180,2026-06-14 18:00:53.902203
6351 - 薪資支出 - O,6351,薪資支出,635~638 - 研究發展費用 - O,Expense,Profit and Loss,,0,0,OO,TWD,635~638 - 研究發展費用 - O,2026-06-10 17:20:16.404856,2026-06-14 18:00:53.951305
6376 - 訓練費 - O,6376,訓練費,635~638 - 研究發展費用 - O,Expense,Profit and Loss,,0,0,OO,TWD,635~638 - 研究發展費用 - O,2026-06-10 17:20:16.413965,2026-06-14 18:00:54.004604
6355 - 運費 - O,6355,運費,635~638 - 研究發展費用 - O,Expense,Profit and Loss,,0,0,OO,TWD,635~638 - 研究發展費用 - O,2026-06-10 17:20:16.423579,2026-06-14 18:00:54.065708
6356 - 郵電費 - O,6356,郵電費,635~638 - 研究發展費用 - O,Expense,Profit and Loss,,0,0,OO,TWD,635~638 - 研究發展費用 - O,2026-06-10 17:20:16.432900,2026-06-14 18:00:54.137970
62 - 管理及總務費用 - O,62,管理及總務費用,6 - 營業費用 - O,Expense,Profit and Loss,,1,0,OO,TWD,6 - 營業費用 - O,2026-06-10 17:20:16.442432,2026-06-14 18:00:54.224545
625~628 - 管理及總務費用 - O,625~628,管理及總務費用,62 - 管理及總務費用 - O,Expense,Profit and Loss,,1,0,OO,TWD,62 - 管理及總務費用 - O,2026-06-10 17:20:16.451936,2026-06-14 18:00:54.330677
6264 - 交際費 - O,6264,交際費,625~628 - 管理及總務費用 - O,Expense,Profit and Loss,,0,0,OO,TWD,625~628 - 管理及總務費用 - O,2026-06-10 17:20:16.464612,2026-06-14 18:00:54.456136
6272 - 伙食費 - O,6272,伙食費,625~628 - 管理及總務費用 - O,Expense,Profit and Loss,,0,0,OO,TWD,625~628 - 管理及總務費用 - O,2026-06-10 17:20:16.478571,2026-06-14 18:00:54.567078
6275 - 佣金支出 - O,6275,佣金支出,625~628 - 管理及總務費用 - O,Expense,Profit and Loss,,0,0,OO,TWD,625~628 - 管理及總務費用 - O,2026-06-10 17:20:16.487536,2026-06-14 18:00:54.646668
6262 - 保險費 - O,6262,保險費,625~628 - 管理及總務費用 - O,Expense,Profit and Loss,,0,0,OO,TWD,625~628 - 管理及總務費用 - O,2026-06-10 17:20:16.496487,2026-06-14 18:00:54.714951
6257 - 修繕費 - O,6257,修繕費,625~628 - 管理及總務費用 - O,Expense,Profit and Loss,,0,0,OO,TWD,625~628 - 管理及總務費用 - O,2026-06-10 17:20:16.504609,2026-06-14 18:00:54.769907
6288 - 其他管理及總務費用 - O,6288,其他管理及總務費用,625~628 - 管理及總務費用 - O,Expense,Profit and Loss,,0,0,OO,TWD,625~628 - 管理及總務費用 - O,2026-06-10 17:20:16.512905,2026-06-14 18:00:54.814920
6278 - 勞務費 - O,6278,勞務費,625~628 - 管理及總務費用 - O,Expense,Profit and Loss,,0,0,OO,TWD,625~628 - 管理及總務費用 - O,2026-06-10 17:20:16.521184,2026-06-14 18:00:54.852788
6269 - 各項耗竭及攤提 - O,6269,各項耗竭及攤提,625~628 - 管理及總務費用 - O,Expense,Profit and Loss,,0,0,OO,TWD,625~628 - 管理及總務費用 - O,2026-06-10 17:20:16.529467,2026-06-14 18:00:54.889968
6267 - 呆帳損失 - O,6267,呆帳損失,625~628 - 管理及總務費用 - O,Expense,Profit and Loss,,0,0,OO,TWD,625~628 - 管理及總務費用 - O,2026-06-10 17:20:16.537607,2026-06-14 18:00:54.934900
6271 - 外銷損失 - O,6271,外銷損失,625~628 - 管理及總務費用 - O,Expense,Profit and Loss,,0,0,OO,TWD,625~628 - 管理及總務費用 - O,2026-06-10 17:20:16.545785,2026-06-14 18:00:54.984653
6259 - 廣告費 - O,6259,廣告費,625~628 - 管理及總務費用 - O,Expense,Profit and Loss,,0,0,OO,TWD,625~628 - 管理及總務費用 - O,2026-06-10 17:20:16.554108,2026-06-14 18:00:55.042092
6268 - 折舊 - O,6268,折舊,625~628 - 管理及總務費用 - O,Expense,Profit and Loss,Depreciation,0,0,OO,TWD,625~628 - 管理及總務費用 - O,2026-06-10 17:20:16.562163,2026-06-14 18:00:55.108339
6265 - 捐贈 - O,6265,捐贈,625~628 - 管理及總務費用 - O,Expense,Profit and Loss,,0,0,OO,TWD,625~628 - 管理及總務費用 - O,2026-06-10 17:20:16.570460,2026-06-14 18:00:55.186799
6253 - 文具用品 - O,6253,文具用品,625~628 - 管理及總務費用 - O,Expense,Profit and Loss,,0,0,OO,TWD,625~628 - 管理及總務費用 - O,2026-06-10 17:20:16.579261,2026-06-14 18:00:55.282268
6254 - 旅費 - O,6254,旅費,625~628 - 管理及總務費用 - O,Expense,Profit and Loss,,0,0,OO,TWD,625~628 - 管理及總務費用 - O,2026-06-10 17:20:16.587884,2026-06-14 18:00:55.387699
6261 - 水電瓦斯費 - O,6261,水電瓦斯費,625~628 - 管理及總務費用 - O,Expense,Profit and Loss,,0,0,OO,TWD,625~628 - 管理及總務費用 - O,2026-06-10 17:20:16.596426,2026-06-14 18:00:55.501664
6274 - 研究發展費用 - O,6274,研究發展費用,625~628 - 管理及總務費用 - O,Expense,Profit and Loss,,0,0,OO,TWD,625~628 - 管理及總務費用 - O,2026-06-10 17:20:16.605016,2026-06-14 18:00:55.595301
6252 - 租金支出 - O,6252,租金支出,625~628 - 管理及總務費用 - O,Expense,Profit and Loss,,0,0,OO,TWD,625~628 - 管理及總務費用 - O,2026-06-10 17:20:16.613808,2026-06-14 18:00:55.666080
6266 - 稅捐 - O,6266,稅捐,625~628 - 管理及總務費用 - O,Expense,Profit and Loss,Tax,0,0,OO,TWD,625~628 - 管理及總務費用 - O,2026-06-10 17:20:16.622512,2026-06-14 18:00:55.750992
6273 - 職工福利 - O,6273,職工福利,625~628 - 管理及總務費用 - O,Expense,Profit and Loss,,0,0,OO,TWD,625~628 - 管理及總務費用 - O,2026-06-10 17:20:16.631191,2026-06-14 18:00:55.805297
6251 - 薪資支出 - O,6251,薪資支出,625~628 - 管理及總務費用 - O,Expense,Profit and Loss,,0,0,OO,TWD,625~628 - 管理及總務費用 - O,2026-06-10 17:20:16.639836,2026-06-14 18:00:55.865407
6276 - 訓練費 - O,6276,訓練費,625~628 - 管理及總務費用 - O,Expense,Profit and Loss,,0,0,OO,TWD,625~628 - 管理及總務費用 - O,2026-06-10 17:20:16.648578,2026-06-14 18:00:55.908515
6255 - 運費 - O,6255,運費,625~628 - 管理及總務費用 - O,Expense,Profit and Loss,,0,0,OO,TWD,625~628 - 管理及總務費用 - O,2026-06-10 17:20:16.656903,2026-06-14 18:00:55.952277
6256 - 郵電費 - O,6256,郵電費,625~628 - 管理及總務費用 - O,Expense,Profit and Loss,,0,0,OO,TWD,625~628 - 管理及總務費用 - O,2026-06-10 17:20:16.664409,2026-06-14 18:00:55.987679
7 - 營業外收入及費用 - O,7,營業外收入及費用,,Income,Profit and Loss,,1,0,OO,TWD,,2026-06-10 17:20:15.088402,2026-06-10 17:20:15.088402
71~74 - 營業外收入 - O,71~74,營業外收入,7 - 營業外收入及費用 - O,Income,Profit and Loss,,1,0,OO,TWD,7 - 營業外收入及費用 - O,2026-06-10 17:20:15.095923,2026-06-14 18:00:44.594364
713 - 兌換利益 - O,713,兌換利益,71~74 - 營業外收入 - O,Income,Profit and Loss,,1,0,OO,TWD,71~74 - 營業外收入 - O,2026-06-10 17:20:15.106648,2026-06-14 18:00:44.630685
7131 - 兌換利益 - O,7131,兌換利益,713 - 兌換利益 - O,Income,Profit and Loss,,0,0,OO,TWD,713 - 兌換利益 - O,2026-06-10 17:20:15.117533,2026-06-14 18:00:44.670949
748 - 其他營業外收入 - O,748,其他營業外收入,71~74 - 營業外收入 - O,Income,Profit and Loss,,1,0,OO,TWD,71~74 - 營業外收入 - O,2026-06-10 17:20:15.126981,2026-06-14 18:00:44.715019
7483 - 佣金收入 - O,7483,佣金收入,748 - 其他營業外收入 - O,Income,Profit and Loss,,0,0,OO,TWD,748 - 其他營業外收入 - O,2026-06-10 17:20:15.133957,2026-06-14 18:00:44.758187
7488 - 其他營業外收入—其他 - O,7488,其他營業外收入—其他,748 - 其他營業外收入 - O,Income,Profit and Loss,,0,0,OO,TWD,748 - 其他營業外收入 - O,2026-06-10 17:20:15.144040,2026-06-14 18:00:44.794906
7484 - 出售下腳及廢料收入 - O,7484,出售下腳及廢料收入,748 - 其他營業外收入 - O,Income,Profit and Loss,,0,0,OO,TWD,748 - 其他營業外收入 - O,2026-06-10 17:20:15.152807,2026-06-14 18:00:44.834201
7487 - 壞帳轉回利益 - O,7487,壞帳轉回利益,748 - 其他營業外收入 - O,Income,Profit and Loss,,0,0,OO,TWD,748 - 其他營業外收入 - O,2026-06-10 17:20:15.161555,2026-06-14 18:00:44.872978
7485 - 存貨盤盈 - O,7485,存貨盤盈,748 - 其他營業外收入 - O,Income,Profit and Loss,,0,0,OO,TWD,748 - 其他營業外收入 - O,2026-06-10 17:20:15.168339,2026-06-14 18:00:44.916491
7486 - 存貨跌價回升利益 - O,7486,存貨跌價回升利益,748 - 其他營業外收入 - O,Income,Profit and Loss,,0,0,OO,TWD,748 - 其他營業外收入 - O,2026-06-10 17:20:15.175111,2026-06-14 18:00:44.963044
7481 - 捐贈收入 - O,7481,捐贈收入,748 - 其他營業外收入 - O,Income,Profit and Loss,,0,0,OO,TWD,748 - 其他營業外收入 - O,2026-06-10 17:20:15.182134,2026-06-14 18:00:45.010682
7482 - 租金收入 - O,7482,租金收入,748 - 其他營業外收入 - O,Income,Profit and Loss,,0,0,OO,TWD,748 - 其他營業外收入 - O,2026-06-10 17:20:15.188850,2026-06-14 18:00:45.055282
711 - 利息收入 - O,711,利息收入,71~74 - 營業外收入 - O,Income,Profit and Loss,,1,0,OO,TWD,71~74 - 營業外收入 - O,2026-06-10 17:20:15.196703,2026-06-14 18:00:45.103348
7111 - 利息收入 - O,7111,利息收入,711 - 利息收入 - O,Income,Profit and Loss,,0,0,OO,TWD,711 - 利息收入 - O,2026-06-10 17:20:15.203647,2026-06-14 18:00:45.157333
712 - 投資收益 - O,712,投資收益,71~74 - 營業外收入 - O,Income,Profit and Loss,,1,0,OO,TWD,71~74 - 營業外收入 - O,2026-06-10 17:20:15.213331,2026-06-14 18:00:45.213855
7121 - 權益法認列之投資收益 - O,7121,權益法認列之投資收益,712 - 投資收益 - O,Income,Profit and Loss,,0,0,OO,TWD,712 - 投資收益 - O,2026-06-10 17:20:15.220187,2026-06-14 18:00:45.273049
7123 - 短期投資市價回升利益 - O,7123,短期投資市價回升利益,712 - 投資收益 - O,Income,Profit and Loss,,0,0,OO,TWD,712 - 投資收益 - O,2026-06-10 17:20:15.230467,2026-06-14 18:00:45.336722
7122 - 股利收入 - O,7122,股利收入,712 - 投資收益 - O,Income,Profit and Loss,,0,0,OO,TWD,712 - 投資收益 - O,2026-06-10 17:20:15.237874,2026-06-14 18:00:45.372320
714 - 處分投資收益 - O,714,處分投資收益,71~74 - 營業外收入 - O,Income,Profit and Loss,,1,0,OO,TWD,71~74 - 營業外收入 - O,2026-06-10 17:20:15.245882,2026-06-14 18:00:45.411426
7141 - 處分投資收益 - O,7141,處分投資收益,714 - 處分投資收益 - O,Income,Profit and Loss,,0,0,OO,TWD,714 - 處分投資收益 - O,2026-06-10 17:20:15.253920,2026-06-14 18:00:45.455682
715 - 處分資產溢價收入 - O,715,處分資產溢價收入,71~74 - 營業外收入 - O,Income,Profit and Loss,,1,0,OO,TWD,71~74 - 營業外收入 - O,2026-06-10 17:20:15.269118,2026-06-14 18:00:45.503246
7151 - 處分資產溢價收入 - O,7151,處分資產溢價收入,715 - 處分資產溢價收入 - O,Income,Profit and Loss,,0,0,OO,TWD,715 - 處分資產溢價收入 - O,2026-06-10 17:20:15.277245,2026-06-14 18:00:45.542794
75~78 - 營業外費用 - O,75~78,營業外費用,7 - 營業外收入及費用 - O,Income,Profit and Loss,,1,0,OO,TWD,7 - 營業外收入及費用 - O,2026-06-10 17:20:15.288538,2026-06-14 18:00:45.584001
753 - 兌換損失 - O,753,兌換損失,75~78 - 營業外費用 - O,Income,Profit and Loss,,1,0,OO,TWD,75~78 - 營業外費用 - O,2026-06-10 17:20:15.296583,2026-06-14 18:00:45.624499
7531 - 兌換損失 - O,7531,兌換損失,753 - 兌換損失 - O,Income,Profit and Loss,,0,0,OO,TWD,753 - 兌換損失 - O,2026-06-10 17:20:15.307740,2026-06-14 18:00:45.667299
788 - 其他營業外費用 - O,788,其他營業外費用,75~78 - 營業外費用 - O,Income,Profit and Loss,,1,0,OO,TWD,75~78 - 營業外費用 - O,2026-06-10 17:20:15.317417,2026-06-14 18:00:45.712444
7881 - 停工損失 - O,7881,停工損失,788 - 其他營業外費用 - O,Income,Profit and Loss,,0,0,OO,TWD,788 - 其他營業外費用 - O,2026-06-10 17:20:15.325369,2026-06-14 18:00:45.748285
7888 - 其他營業外費用—其他 - O,7888,其他營業外費用—其他,788 - 其他營業外費用 - O,Income,Profit and Loss,,0,0,OO,TWD,788 - 其他營業外費用 - O,2026-06-10 17:20:15.334834,2026-06-14 18:00:45.789163
7885 - 存貨盤損 - O,7885,存貨盤損,788 - 其他營業外費用 - O,Income,Profit and Loss,,0,0,OO,TWD,788 - 其他營業外費用 - O,2026-06-10 17:20:15.341986,2026-06-14 18:00:45.830740
7886 - 存貨跌價及呆滯損失 - O,7886,存貨跌價及呆滯損失,788 - 其他營業外費用 - O,Income,Profit and Loss,,0,0,OO,TWD,788 - 其他營業外費用 - O,2026-06-10 17:20:15.349015,2026-06-14 18:00:45.872761
7882 - 災害損失 - O,7882,災害損失,788 - 其他營業外費用 - O,Income,Profit and Loss,,0,0,OO,TWD,788 - 其他營業外費用 - O,2026-06-10 17:20:15.355925,2026-06-14 18:00:45.911067
751 - 利息費用 - O,751,利息費用,75~78 - 營業外費用 - O,Income,Profit and Loss,,1,0,OO,TWD,75~78 - 營業外費用 - O,2026-06-10 17:20:15.362754,2026-06-14 18:00:45.947068
7511 - 利息費用 - O,7511,利息費用,751 - 利息費用 - O,Income,Profit and Loss,,0,0,OO,TWD,751 - 利息費用 - O,2026-06-10 17:20:15.369651,2026-06-14 18:00:45.989445
752 - 投資損失 - O,752,投資損失,75~78 - 營業外費用 - O,Income,Profit and Loss,,1,0,OO,TWD,75~78 - 營業外費用 - O,2026-06-10 17:20:15.379097,2026-06-14 18:00:46.030026
7521 - 權益法認列之投資損失 - O,7521,權益法認列之投資損失,752 - 投資損失 - O,Income,Profit and Loss,,0,0,OO,TWD,752 - 投資損失 - O,2026-06-10 17:20:15.386682,2026-06-14 18:00:46.070610
7523 - 短期投資未實現跌價損失 - O,7523,短期投資未實現跌價損失,752 - 投資損失 - O,Income,Profit and Loss,,0,0,OO,TWD,752 - 投資損失 - O,2026-06-10 17:20:15.396390,2026-06-14 18:00:46.115850
754 - 處分投資損失 - O,754,處分投資損失,75~78 - 營業外費用 - O,Income,Profit and Loss,,1,0,OO,TWD,75~78 - 營業外費用 - O,2026-06-10 17:20:15.403566,2026-06-14 18:00:46.164151
7541 - 處分投資損失 - O,7541,處分投資損失,754 - 處分投資損失 - O,Income,Profit and Loss,,0,0,OO,TWD,754 - 處分投資損失 - O,2026-06-10 17:20:15.410924,2026-06-14 18:00:46.215809
755 - 處分資產損失 - O,755,處分資產損失,75~78 - 營業外費用 - O,Income,Profit and Loss,,1,0,OO,TWD,75~78 - 營業外費用 - O,2026-06-10 17:20:15.421120,2026-06-14 18:00:46.293790
7551 - 處分資產損失 - O,7551,處分資產損失 ,755 - 處分資產損失 - O,Income,Profit and Loss,,0,0,OO,TWD,755 - 處分資產損失 - O,2026-06-10 17:20:15.428461,2026-06-14 18:00:46.362703
8 - 所得稅費用(利益) - O,8,所得稅費用(利益),,Expense,Profit and Loss,,1,0,OO,TWD,,2026-06-10 17:20:14.558338,2026-06-10 17:20:14.558338
81 - 所得稅費用(利益) - O,81,所得稅費用(利益),8 - 所得稅費用(利益) - O,Expense,Profit and Loss,,1,0,OO,TWD,8 - 所得稅費用(利益) - O,2026-06-10 17:20:14.571389,2026-06-14 18:00:40.939298
811 - 所得稅費用(利益) - O,811,所得稅費用(利益) ,81 - 所得稅費用(利益) - O,Expense,Profit and Loss,,1,0,OO,TWD,81 - 所得稅費用(利益) - O,2026-06-10 17:20:14.582959,2026-06-14 18:00:41.001671
8111 - 所得稅費用(利益) - O,8111,所得稅費用(利益) ,811 - 所得稅費用(利益) - O,Expense,Profit and Loss,,0,0,OO,TWD,811 - 所得稅費用(利益) - O,2026-06-10 17:20:14.595012,2026-06-14 18:00:41.038216
9 - 非經常營業損益 - O,9,非經常營業損益,,Expense,Profit and Loss,,1,0,OO,TWD,,2026-06-10 17:20:18.394429,2026-06-10 17:20:18.394429
91 - 停業部門損益 - O,91,停業部門損益,9 - 非經常營業損益 - O,Expense,Profit and Loss,,1,0,OO,TWD,9 - 非經常營業損益 - O,2026-06-10 17:20:18.402629,2026-06-14 18:01:10.448076
911 - 停業部門損益—停業前營業損益 - O,911,停業部門損益—停業前營業損益,91 - 停業部門損益 - O,Expense,Profit and Loss,,1,0,OO,TWD,91 - 停業部門損益 - O,2026-06-10 17:20:18.414826,2026-06-14 18:01:10.481675
9111 - 停業部門損益—停業前營業損益 - O,9111,停業部門損益—停業前營業損益,911 - 停業部門損益—停業前營業損益 - O,Expense,Profit and Loss,,0,0,OO,TWD,911 - 停業部門損益—停業前營業損益 - O,2026-06-10 17:20:18.425762,2026-06-14 18:01:10.511004
912 - 停業部門損益—處分損益 - O,912,停業部門損益—處分損益,91 - 停業部門損益 - O,Expense,Profit and Loss,,1,0,OO,TWD,91 - 停業部門損益 - O,2026-06-10 17:20:18.437275,2026-06-14 18:01:10.541258
9121 - 停業部門損益—處分損益 - O,9121,停業部門損益—處分損益,912 - 停業部門損益—處分損益 - O,Expense,Profit and Loss,,0,0,OO,TWD,912 - 停業部門損益—處分損益 - O,2026-06-10 17:20:18.446177,2026-06-14 18:01:10.571757
94 - 少數股權淨利 - O,94,少數股權淨利,9 - 非經常營業損益 - O,Expense,Profit and Loss,,1,0,OO,TWD,9 - 非經常營業損益 - O,2026-06-10 17:20:18.458835,2026-06-14 18:01:10.609137
941 - 少數股權淨利 - O,941,少數股權淨利,94 - 少數股權淨利 - O,Expense,Profit and Loss,,1,0,OO,TWD,94 - 少數股權淨利 - O,2026-06-10 17:20:18.467832,2026-06-14 18:01:10.643596
9411 - 少數股權淨利 - O,9411,少數股權淨利,941 - 少數股權淨利 - O,Expense,Profit and Loss,,0,0,OO,TWD,941 - 少數股權淨利 - O,2026-06-10 17:20:18.480440,2026-06-14 18:01:10.675584
93 - 會計原則變動累積影響數 - O,93,會計原則變動累積影響數,9 - 非經常營業損益 - O,Expense,Profit and Loss,,1,0,OO,TWD,9 - 非經常營業損益 - O,2026-06-10 17:20:18.496896,2026-06-14 18:01:10.711191
931 - 會計原則變動累積影響數 - O,931,會計原則變動累積影響數,93 - 會計原則變動累積影響數 - O,Expense,Profit and Loss,,1,0,OO,TWD,93 - 會計原則變動累積影響數 - O,2026-06-10 17:20:18.506217,2026-06-14 18:01:10.745097
9311 - 會計原則變動累積影響數 - O,9311,會計原則變動累積影響數,931 - 會計原則變動累積影響數 - O,Expense,Profit and Loss,,0,0,OO,TWD,931 - 會計原則變動累積影響數 - O,2026-06-10 17:20:18.519284,2026-06-14 18:01:10.774664
92 - 非常損益 - O,92,非常損益,9 - 非經常營業損益 - O,Expense,Profit and Loss,,1,0,OO,TWD,9 - 非經常營業損益 - O,2026-06-10 17:20:18.532329,2026-06-14 18:01:10.803849
921 - 非常損益 - O,921,非常損益,92 - 非常損益 - O,Expense,Profit and Loss,,1,0,OO,TWD,92 - 非常損益 - O,2026-06-10 17:20:18.541968,2026-06-14 18:01:10.833274
9211 - 非常損益 - O,9211,非常損益,921 - 非常損益 - O,Expense,Profit and Loss,,0,0,OO,TWD,921 - 非常損益 - O,2026-06-10 17:20:18.557378,2026-06-14 18:01:10.862463
